1314,
2190,09 - auto mowdownspace girl blues
412,aaronkamm
1754,abercrombie
2092,acdc
1238,achison
540,acornacopia
1361,"adams, greg"
1438,adrian belew power trio
2164,aghosh
1757,ah all stars
2157,alabama shakes
113,albert collins _ the icebreakers
1705,albin lee meldau
2530,alejandra ribera
2620,alejandroescovedo
1264,alex chilton
2163,alexis taylor
2447,ali_akbar_khan-zakir_hussain
1386,am
1147,amber arcades
765,america
1096,amjadalikhan
1783,ams
2103,amy winehouse
2720,anapopovic
404,anders
2502,anekdotenloreley
1487,anindyabanerjeebobbysingh
2138,anne-marie
1383,anohni
798,aosw
2342,arcs
1132,arild andersen
1168,as
1949,asteroid
1981,atomic rooster
1518,avantasialoreley
1646,avett brothers
843,b&amp;b
1255,badreligion
2745,bandb
2301,baselso
1348,bat for lashes
1768,bb
2387,bbcphil
1942,bbcso
2950,bbking
870,bc d
2384,bd
2142,bears den
2128,beck
2844,belafleck_christhile
714,belafleckandtheflecktones
572,belafleckflecktones
2304,belly
827,bensparacoband
2591,berlinphilo
1337,bethany and rufus roots
1850,biffyclyro
1207,big moon
2573,big.daddy.wilson
1070,bigwreck
1728,bill evans
1226,birdman
1064,black flag
1099,black honey
1233,black sabbath
344,blair
330,bloodkin
783,blythe
307,bob
2468,bob collins + full nelson
1040,bob dylan
1453,bobbysingh
2483,bobdylan
1089,bof
1088,boh
2006,bonjovi
2541,bonnieraitt
824,bookertjones
865,borromeoquartet
1946,boston
929,boston_pops
1035,bostonpops
233,br
264,braitt
2182,brandicarlile
705,bromberg
439,brotherscomatose
1384,brownout
1898,bruce springsteen
364,bsb
2212,bstenson
1732,buben
2184,buddy guy
1631,bul
1082,"burdon, eric"
2528,burning spear
2381,bush
2489,byrds&amp;flying burrito bros
1460,"caldwell, bobby"
1228,calexico
1847,"carlton, larry"
1393,casting crowns
2517,cats eyes
2624,cbley
2265,cbp
468,ccde
1984,charlie cunningham
2122,charlie haden
432,charlie_hunter_trio
2330,cheaptrick
1933,chess smith trio
2313,chevelle
779,chiefbroom
811,chq
2225,chris lightcap
1682,christine and the queens
1388,cirotti and molnar
2450,cl
2459,claim
901,claypool_lennon
410,cleverlys
1129,coldplay
2298,colt silvers orchstral
1498,cometcontrol
2233,coral creek aud
1121,cornell
2238,costbrist
1333,cp
2597,cparr
823,crb
816,crbh
1440,creeper
437,cris jacobs &amp; anders osborne
1100,crosa rosa
2762,"crosby, david"
2469,cs
1080,culture club
1941,cure
1340,dacaptaintrips
1113,dadloreley
1358,damo
1093,dan mangan
2631,danger danger
1355,danish radio big band
381,dank
612,danlebo
2020,david gilmour
1820,david lindley
2308,davidgilmour
1009,davidosky cpark
504,davidrawlingsmachine
2183,dawes
2558,daywave
2947,dc&gn
208,deadandcompany
339,deanmonkey&amp;thedropouts
31,deanmonkey&thedropouts
2917,debashish
1399,debashishbhattacharya
288,del
1652,delfeayo marsalis
421,delmccouryband
752,deltarae
1784,demiricous
413,desertdwellers
1051,dgb
406,dgbx
2379,die aerzte - die diabolischen
915,dirk.darmstaedter
1199,dirty knobs
1302,dirty_three
1875,dixie chicks
1414,dizzy mizz lizzy
812,dl&amp;q
817,dml
594,dnc
745,dopapod
1052,doroloreley
398,dubapocalypse
691,dustbowlrevival
2052,dwzappa
2276,dylan
1442,dz
1621,ec
1251,editors
1162,ehg
1468,eisbrecherloreley
1789,ej_bj
585,ekb
1889,elder
1758,electricwizard
2610,element of crime
761,elephantrevival
1058,elh
427,elise
510,elisetestone
2151,eltonjohn
1097,eluveitielorley
933,elviscostello
2117,emmylou
762,emmylouharris
966,enchant
1108,ensiferumloreley
1362,entombed
1502,eoc &amp; friends
2425,eppu normaali
407,er
556,eric krasno band
2639,ericburdon
514,erickrasnoband
516,erikdeutsch
2869,etta james
1516,fame
1866,faunfables
1328,fay hield
1169,fe
378,feign
2275,ff
1265,fieldsofthenephilim
886,fight
1071,fingereleven
903,fitz and the tantrums
408,fl
474,flecktones
900,flogging molly
343,floodwood
803,flowtilla
866,frankcarter
415,friendsofthefamily
2322,front
324,fuguemill
618,funkfellowship
578,futurememory
2663,ga&rd
2792,gaf
1332,gh
1141,giobia
1706,glen hansard
1353,gnash
2788,gnr
1290,godoys
1665,gold panda
1177,gomerpyle
1046,gordon gatton
1380,grace potter
2807,grahamnash
401,greenskybluegrass
2104,gregory porter
1524,grim
1733,gs
715,gsbg
2955,gtd
1753,gulcan_kaya
1421,gurf.morlix
1618,gwen swick
676,haaskowerttice
1021,halfmoon
1398,hall and oates
1877,"hargrove, roy"
1486,harrymanx
1532,hawkwind
444,hayley
508,hayleyjane
601,haynes_warren
2083,haze
1628,hazmat.modine
1198,headforthehills
241,healy
2479,heart
583,hendryx-carbone-zeiner
1127,henry&amp;martin
577,hh
813,hidalgo_perez
620,high
2230,him
1081,hollywood vampires
774,hotcreekinacoustics
2793,hounddog
804,houseband
2740,hristovitchev
2642,hueylewis
1005,hugo largo
1500,humble pie
1533,hw
946,ian mcculloch
2831,impromptu
488,in
801,inyang
1256,iq
2843,iron butterfly
1289,ironmaiden
739,isd
1874,it
707,jackie
1028,jackson browne
952,jackyl
1648,jam
545,jamemurrellstanley
1686,james bay
2880,james gang
2371,james intveld
734,jason
1356,jatrab
2845,jb
2415,jeffbeck
2486,jefferson airplane
2945,jefferson starship
2899,jefferson startship
2386,jefftobias
291,jerryjoseph
2969,jethro tull
87,jg ms
131,jg&ms
179,jg-ms
172,jgms
2369,jim lauderdale
1501,jim mccarthy
2584,jimi hendrix
1305,jj
2458,jjbh
160,jlyys
287,jm
1756,jm_porgy
768,jmedeskimadskillet
637,jmt
1659,joao gilberto
2251,joe walsh
991,joeely
2272,joej
2721,joejackson
806,joewarner
2467,john mayall
1373,johnny moped
1855,johnnywinter
294,johnprine
2520,jonas blue and jp cooper
2473,josborne
1260,jpj
285,js
2176,jsurman
475,julia
694,julierhodes
1368,jwalsh
2734,kamasiwashington
418,kaminanda
2477,kanekoa
1295,karma to burn
766,kathbloom
342,katie
2327,katiemelua
1796,keith jarrett
1389,kinky friedman
2053,kiss
50,kottke
1641,kv
280,kwmtal
1149,l-ficher-g-baton
1882,lake
286,larry_mccray
704,larrycampbell_teresawilliams
1366,laura mvula
978,le
1065,leaveseyesloreley
1568,"lee, albert"
253,levon
2578,leyla mccalla
98,lhb
941,lifeofagony
464,lilsmokies
2527,linda thompson
2451,lionshepherd
2532,lizzwright
2099,lk
814,ll
2681,lofs
1951,lola colt
2340,londonso
744,loslobos
1833,lotnc
1437,loverevisited
932,lp
161,lrb
1808,lucie vitkova-ingelfritz
2775,lucindawilliams
2512,m.o
1869,macca final
945,maku
462,mando
701,mandolinorange
1267,mangelepa
1415,mantar
505,marcus king band
512,marcuskingband
1788,maria muldaur
2056,marillion
2253,marker
2161,marklaneganband
580,marksbrothers
1483,marque
871,marthascanlan
722,matisyahu
614,matrix
2220,matthires
2359,mavis
1277,mavis staples
2485,mavisstaples
665,maxcreek
2826,mbroussard
2776,mccartney
1428,megadeth
1303,melvins
2113,metronomy
2667,mh
1702,michael kiwanuka
974,michele stodart
1042,michelle willis
2410,micktaylor
640,midnight
598,mikecooley
1650,mimijonescamillethurmanquartet
1448,ministry_riviera
2149,mississippi bigfoot
1085,misstess
1811,mjarre
1632,mnek
2634,modern baseball
1345,monolord
1674,monomyth
2892,montemontgomery
2217,moon hooch
1817,morseportnoy
1221,mostlyautumn
2496,mostlyautumnloreley
1671,motherengine
1106,mountain
1326,mp
44,ms_jgb
2279,mudcrutch
1923,mudhoney
1647,mumford and sons
2889,mumfordandsons
976,muse
1978,musicares
2050,mysleepingkarma
2391,neil finn
1376,neil young
1269,neil.young
2885,neilyoung
399,nephrok
1336,new order
2270,nickcave
878,nineinchnails
805,nma
1885,noelgallagher
275,nrps
1176,ns
1234,ny
2651,nyphil
1197,oakhurst
2414,opmontecarlo
2242,orchestfestlucerne
2038,ot
2134,otisrush
1335,ozric
1699,palace winter
2136,passenger
2916,patd
1403,paul mccartney
1599,paulsimon
1185,paws
1365,pdp_loungeax_feb
1445,pearljam
1737,peter &amp; the test tube babies
2542,peter astor
628,pgroove
1104,ph&amp;tl
2169,philharmonia_orch
781,phish-sleeptrain
1391,phosphorescent
383,pigeons
2800,pixies
576,pl&amp;f
970,pm
1008,polica
2145,pops staples
1617,powderforpigeons
1310,powow
1043,prairiehomecompanion
325,pressroomtrio
1031,pretenders
2603,prime circle
1122,primus
279,professor
1658,profetas
1593,prong
910,prrp
2875,psychedelic furs
493,ptf
839,quasi
1619,quiet riot
2396,quireboys
2236,r
526,raccoon
2967,radiohead
2551,radiohead_lollapalooza
2515,rag n bone man
1068,rageloreley
261,raitt
1223,ralph_stanley
1859,rammstein
1477,ramones
1446,rasaduende
1469,ravi_shankar
1950,ravishankar
2508,raydavies
604,reinacollinsbandccr
262,rem
787,revtorband
2385,rf
2560,rh
35,rhcp
1689,rhino bucket
326,rhythmfuture
802,rich robinson
1604,richard galliano &amp; philip catherine
809,richrobinson
815,rm
2569,rob brown quartet
1363,robert plant
1991,robertplant
2755,rod stewart
1765,roniia
977,ross miller
2159,rotor
1717,rs
2780,rt
1830,rtband
2045,rush
460,ryanadams
2824,s marriott
2319,sales at
1211,sam amidon
2750,sambush
835,samholtband
1407,sangeetmishrabobbysingh
1525,santana
2773,sarahpeacock
1073,sator
2439,sb
547,sbb
1694,scatterbrain
327,scbb
1894,schmid-hagen-frohn-haering
1736,scorpions
478,scr
487,seldomscene
2397,senior service
1036,seventhatspells
979,shearwater
849,sherylcrow
203,shiny
663,sierrahull
1926,sigur_ros
937,simpsons
2076,skypilot
1578,slayer
851,slb
2686,slydogs
2828,sm pf
3,smiths
2278,snc
1844,somaliyachtclub
1072,sonataarcticaloreley
914,soundgarden
2727,southside.johnny
863,sp
1778,spectrum
2287,spirit
853,spook school
776,spottedtiger
1677,spring king
896,sr
2723,ssj
1582,standing o-tenacious d
2600,stargaze
963,ste
2567,steel pulse
1777,steve knightley
1215,sting
4,stinggabriel
409,strgdstrs
23,stu_allen_mars_hotel
557,stuallen
2865,studs brooks
1048,stuphil
2455,subsignal
1907,suede
1738,suicidal tendencies
1396,sundays
964,sweet liberties d
736,t.flyer
2205,ta
1727,tabata+kamekawa+hikari
2480,taj mahal
2645,tal wilkenfeld
1603,tatadios - roseti
861,tbc
2111,tboh
2693,tbpfs
352,tedeschi trucks band
621,tedeschitrucksband
1750,tegan &amp; sara
1006,teleman
1585,tenacious_d
2883,thanks
2326,the bad plus
2524,the brew
1790,the clash
2501,the cure
2361,the heartbreakers
1301,the jam
501,the london souls
749,the marcus king band
492,the nth power
1087,the obsessed
192,the ramones
2646,the who
2829,the.steepwater.band
1374,the_jam_new_york
613,thebathsaltzombies
1509,theclash
2852,thedyes
1579,thejayhawks
430,theweight
1711,thirdeyeblind
312,timobrien
1968,tl
1588,tobylightman
2668,tom petty & mudcrutch
875,tom petty &amp; mudcrutch
1461,tonerlow
876,tool
1930,tp
2684,tromboneshorty
1216,truckstophoneymoon
1092,trudell
733,ttb
1441,ttbb
746,tth
1653,tts
1664,twin atlantic
405,tyminski
1766,type o negative
2368,u2
2409,udo lindenberg
1791,ugly kid joe
1143,uli beckerhoff
1331,unbenannt
1485,unisonicloreley
544,urethane
1607,vain
1837,van halen
1683,van morrison
2531,vanmorrison
1895,"vera, billy"
1095,vibravoid
2401,virginmarys
2200,vm
523,w.haynes
1491,wagner
780,warrenhaynes
2629,warrior soul
965,wasilewski
1307,waterboys weert
2193,way
2495,wayne shorter
666,wb
2196,wedding present
2904,weezer
2046,wehuntbuffalo
1888,white zombie
948,whitesnake
1124,whitford
2241,wight
2695,willienelson
292,wj&amp;nl
2692,wnelson
1989,wofat
1642,wolfmother
2382,wonderstuff
420,wookiefoot
671,wsp-joint-lv
92,wxrt maniacs
1298,xylaroo
2960,yes
2214,ylt_metro
76,youngbloods
2503,yusuf
473,zak
1787,zodiacmindwarp
2579,zombies
1136,zu
