band,jamband
Allman Brothers Band,yes
Amfibian,yes
Big In Japan,yes
Blueground Undergrass,yes
Blues Traveler,yes
Bruce Hornsby,yes
Blueground Undergrass,yes
Blues Traveler,yes
Built to Spill,yes
Camper Van Beethoven,yes
Charlie Hunter,yes
Disco Biscuits,yes
Drive-By Truckers,yes
Ekoostic Hookah,yes
Galactic,yes
God Street Wine,yes
Grateful Dead,yes
Jazz Mandolin Project,yes
Jerry Garcia,yes
Jerry Garcia Band,yes
Keller Williams,yes
Lake Trout,yes
Little Feat,yes
Medeski Martin & Wood,yes
moe.,yes
O.A.R.,yes
Oysterhead,yes
Pearl Jam,yes
Phil Lesh & Friends,yes
Phish,yes
Ratdog,yes
Strangefolk,yes
String Cheese Incident,yes
Tea Leaf Green,yes
The Big Woo,yes
The Dead,yes
The Other Ones,yes
Trey Anastasio Band,yes
Umphrey's McGee,yes
Warren Haynes,yes
Ween,yes
Widespread Panic,yes
Yonder Mountain String Band,yes
Bela Fleck & The Flecktones,maybe
Ben Harper,maybe
Col. Claypool's Bucket of Bernie Brains,maybe
Dark Star Orchestra,maybe
Dave Matthews & Tim Reynolds,maybe
Dave Matthews (solo),maybe
Dave Matthews Band,maybe
GreyBoy AllStars,maybe
Guster,maybe
Hot Tuna,maybe
Jimi Hendrix Experience,maybe
John Mayer,maybe
John Scofield,maybe
Karl Denson's Tiny Universe,maybe
Les Claypool's Flying Frog Brigade,maybe
North Mississippi Allstars,maybe
Particle,maybe
Railroad Earth,maybe
Robert Randolph,maybe
The John Mayer Trio,maybe
Gregg Allman &Friends,yes
Charlie Hunter Trio,yes
Georgia Avenue & Ratdog,yes
Dead & Company,yes
Trey Anastasio (Band),yes
Jimi Hendrix,maybe
Gov't Mule,yes
Jerry Garcia,yes
