587478.html,aaronkamm
566751.html,abercrombie
567194.html,acdc
566058.html,achison
566215.html,"adams, greg"
566316.html,adrian belew power trio
566754.html,ah all stars
567272.html,alabama shakes
efcc48315201f90536614d0b64acde4c16236480,albert collins _ the icebreakers
566684.html,albin lee meldau
567737.html,alejandra ribera
567861.html,alejandroescovedo
566096.html,alex chilton
567279.html,alexis taylor
567637.html,ali_akbar_khan-zakir_hussain
566629.html,amaranthe
565931.html,amber arcades
587871.html,america
565866.html,amjadalikhan
566782.html,ams
567206.html,amy winehouse
126873.html,anapopovic
587471.html,anders
567702.html,anekdoten
566383.html,anindyabanerjeebobbysingh
567250.html,anne-marie
566240.html,anohni
587907.html,aosw
567500.html,arcs
565911.html,arild andersen
565602.html,arno
565962.html,as
566996.html,asteroid
567041.html,atomic rooster
566423.html,avantasia
566608.html,avett brothers
565506.html,b&amp;b
566080.html,badreligion
126911.html,bandb
566375.html,barry melton &amp; the green ray
567441.html,baselso
565687.html,bat for lashes
567718.html,battering ram
566766.html,bb
567557.html,bbcphil
566987.html,bbcso
567724.html,bbking
565519.html,bd
567241.html,bears den
3c39e32bf0918ec3190ecda08442eba0d8b2faa8,beausoliel
567212.html,beck
567022.html,beck's
127053.html,belafleck_christhile
587815.html,belafleckandtheflecktones
587658.html,belafleckflecktones
567445.html,belly
587941.html,bensparacoband
567826.html,berlinphilo
566186.html,bethany and rufus roots
566872.html,biffyclyro
566012.html,big moon
567799.html,big.daddy.wilson
565828.html,bigwreck
566722.html,bill evans
566041.html,birdman
565817.html,black flag
565870.html,black honey
565948.html,black sabbath
587406.html,blair
566687.html,blitzkreig
587346.html,bloodkin
587890.html,blythe
587365.html,bob
567662.html,bob collins + full nelson
565784.html,bob dylan
566328.html,bobbysingh
566455.html,bobdylan
566762.html,bonastadt
567075.html,bonjovi
567749.html,bonnieraitt
587937.html,bookertjones
567240.html,boris
565538.html,borromeoquartet
566967.html,boston
565626.html,boston_pops
565779.html,bostonpops
566654.html,bp
127193.html,brahms
d4b1ea7d9ed1a3899db143bd72174355e21cbcfc,braitt
567299.html,brandicarlile
587806.html,bromberg
587508.html,brotherscomatose
566241.html,brownout
566931.html,bruce springsteen
587570.html,brucehornsby
587448.html,bs
587427.html,bsb
567334.html,bstenson
566727.html,buben
567301.html,buddy guy
565844.html,"burdon, eric"
567735.html,burning spear
567427.html,bush
567689.html,byrds&amp;flying burrito bros
567464.html,cab calloway
566348.html,"caldwell, bobby"
566043.html,calexico
566930.html,carla bley & steve swallow
566770.html,"carlton, larry"
566252.html,casting crowns
567722.html,cats eyes
567866.html,cbley
565591.html,cd
567047.html,charlie cunningham
567231.html,charlie haden
587501.html,charlie_hunter_trio
567480.html,cheaptrick
566932.html,ches smith
566973.html,chess smith trio
567458.html,chevelle
587886.html,chiefbroom
567349.html,chris lightcap
566656.html,christine and the queens
566245.html,cirotti and molnar
567649.html,claim
565748.html,clawhammer
565596.html,claypool_lennon
587477.html,cleverlys
565908.html,coldplay
567438.html,colt silvers orchstral
566401.html,cometcontrol
567361.html,coral creek aud
565898.html,cornell
567832.html,cparr
587775.html,crb
587928.html,crbh
566319.html,creeper
587506.html,cris jacobs &amp; anders osborne
565871.html,crosa rosa
126940.html,"crosby, david"
567161.html,cue
565841.html,culture club
566031.html,cure
f975f9853674167a85f6bccd9cc9a9ffc5338d31,dac
566190.html,dacaptaintrips
565889.html,dad
566176.html,damo
565862.html,dan mangan
c20d94ae528f82a88cbce3b61f1ac9842bfbe553,dandc
567873.html,danger danger
566208.html,danish radio big band
587445.html,dank
587702.html,danlebo
567090.html,david gilmour
566826.html,david lindley
566895.html,david mallett
567111.html,davidgilmour
565740.html,davidosky cpark
587587.html,davidrawlingsmachine
566613.html,dawes
567771.html,daywave
587623.html,db
0367d599e28dedbc2cefaea5da1e8ce4b5bc669f,dc
127194.html,dc&gn
587590.html,dead and company
587686.html,dead&amp;co
587833.html,dead&amp;company
293468d9a94397c1f081f03ea77c2a950f0db0df,dead&co
2136ad7ea826045abb7a52bb3da9a123eccff42e,dead.and.co
346cbc99618df8022691280b62fdd4aa7189a021,deadandco
9dcbebcd323cf01be15181e37715185fed853e12,deadandcompany
85dc4f5a91ca4bb1e49f3177e13ff30c3bd90320,deadco
587582.html,deadfeat
587401.html,deanmonkey&amp;thedropouts
925e877c2128b2202bf255ba83fe2c0f75e27fd8,deanmonkey&thedropouts
127162.html,debashish
566259.html,debashishbhattacharya
127186.html,debussy
587345.html,del
566615.html,delfeayo marsalis
587488.html,delmccouryband
587858.html,deltarae
566783.html,demiricious
587480.html,desertdwellers
565798.html,dgb
587473.html,dgbx
567544.html,die aerzte
565612.html,dirk.darmstaedter
566004.html,dirty knobs
566145.html,dirty_three
566903.html,dixie chicks
566278.html,dizzy mizz lizzy
587924.html,dl&amp;q
566885.html,dm
587621.html,dmb
587929.html,dml
587674.html,dnc
587849.html,dopapod
566485.html,dori
565799.html,doro
126945.html,dso
567291.html,dt
587465.html,dubapocalypse
567146.html,dust bowl
587790.html,dustbowlrevival
567139.html,dwzappa
565928.html,dylan
566321.html,dz
566723.html,earthrise
565664.html,ec
566074.html,editors
565954.html,ehg
566359.html,eisbrecher
566788.html,ej_bj
587672.html,ekb
566085.html,elder
566755.html,electricwizard
566014.html,element of crime
587867.html,elephantrevival
565807.html,elh
587494.html,elise
587593.html,elisetestone
567264.html,eltonjohn
565868.html,eluveitie
565632.html,elviscostello
587760.html,emmylou
587868.html,emmylouharris
565679.html,enchant
565879.html,ensiferum
566216.html,entombed
566407.html,eoc &amp; friends
567611.html,eppu normaali
587474.html,er
587640.html,eric krasno band
566959.html,ericburdon
587597.html,erickrasnoband
587599.html,erikdeutsch
127086.html,etta james
566421.html,fame
566892.html,faunfables
566175.html,fay hield
565963.html,fe
587442.html,feign
566707.html,ff
566098.html,fieldsofthenephilim
565568.html,fight
565829.html,fingereleven
565598.html,fitz and the tantrums
587475.html,fl
587547.html,flecktones
565594.html,flogging molly
587405.html,floodwood
587913.html,flowtilla
565539.html,frankcarter
587482.html,friendsofthefamily
567469.html,front
587386.html,fuguemill
587708.html,funkfellowship
587665.html,futurememory
126799.html,ga&rd
126792.html,gaf
9184a411bc37d4eef784a4f6aea29a2e3b7e41fb,garcia
96e76265597a62e9f3a9556776737c473116b3f7,gd
03bcddfb8e4c6e4df25f285517205919e41bca35,gemini dream
566179.html,gh
565925.html,giobia
566685.html,glen hansard
587380.html,gm
566206.html,gnash
566541.html,gnr
566129.html,godoys
566635.html,gold panda
565976.html,gomerpyle
565793.html,gordon gatton
587375.html,gov`t mule
566237.html,grace potter
127002.html,grahamnash
587468.html,greenskybluegrass
567207.html,gregory porter
566429.html,grim
566728.html,gs
587360.html,gsbg
567723.html,gtd
566750.html,gulcan_kaya
566288.html,gurf.morlix
566555.html,gwen swick
587776.html,haaskowerttice
f53ffb572ba0d3d59b0275c3c73e3458965fd366,halfmoon
566258.html,hall and oates
566905.html,"hargrove, roy"
566381.html,harrymanx
566438.html,hawkwind
126867.html,haydn
587513.html,hayley
587591.html,hayleyjane
587688.html,haynes_warren
567182.html,haze
566396.html,hazmat.modine
93f411f76c3f5ee5ea3c5ad757b1be7262b7f9f9,headforthehills
cc7658c26e6ebebef0649e235e35eed580006e74,healy
566378.html,heart
587670.html,hendryx-carbone-zeiner
565906.html,henry&amp;martin
587664.html,hh
587925.html,hidalgo_perez
587710.html,high
567358.html,him
565843.html,hollywood vampires
587881.html,hotcreekinacoustics
126985.html,hounddog
587914.html,houseband
567372.html,howard stern
126903.html,hristovitchev
567891.html,hueylewis
565726.html,hugo largo
566402.html,humble pie
566439.html,hw
565652.html,ian mcculloch
566119.html,iggy pop
127036.html,impromptu
587564.html,in
587910.html,inyang
566081.html,iq
127050.html,iron butterfly
566128.html,ironmaiden
587750.html,isd
566902.html,it
587808.html,jackie
565764.html,jackson browne
565660.html,jackyl
566234.html,jam
587629.html,jamemurrellstanley
566660.html,james bay
127107.html,james gang
567533.html,james intveld
587836.html,jason
566210.html,jatrab
127054.html,jb
567594.html,jeffbeck
c23154fca319e57ed53f15a6a84e87a539312555,jefferson airplane
127159.html,jefferson starship
127135.html,jefferson startship
567401.html,jefftobias
587347.html,jerryjoseph
127224.html,jethro tull
ac0ae80ba0d4446da25d36f60e6e93c49ab45cb2,jg
ddbaea0b694a4c0deaa8f75156446b8e7adea2d6,jg ms
a01f5fbf498a17f4dce64f2177c44407c3c889ca,jg&ms
ba7d86ba173e83f002eee50095f03e75785ec626,jg+ms
0315569d716da95c4950d9bce8f753c6e9e719fb,jg-ms
332193a21424db9e6014b3192b365516db5a3de9,jgb
aa2250a21645e9c64a19eb95901c993cd6476625,jgms
567531.html,jim lauderdale
566404.html,jim mccarthy
567814.html,jimi hendrix
565768.html,jj
567648.html,jjbh
e0ebb4678c72816bdcd690e00210885d5b2be043,jlyys
587344.html,jm
566753.html,jm_porgy
587874.html,jmedeskimadskillet
566814.html,jmjarre
587729.html,jmt
566626.html,joao gilberto
565961.html,joe jackson
567292.html,joe walsh
565713.html,joeely
567404.html,joej
567249.html,joejackson
587918.html,joewarner
566679.html,john cage
567660.html,john mayall
566230.html,johnny moped
98f59d64351a0d332ada8dc5420721947cfc1a90,johnnywinter
587352.html,johnprine
567725.html,jonas blue and jp cooper
567670.html,josborne
566088.html,jpj
587342.html,js
567293.html,jsurman
587548.html,julia
567717.html,julie vander
587719.html,julierhodes
566222.html,jwalsh
587736.html,kamasiwashington
567308.html,kamchatka
587484.html,kaminanda
567675.html,kanekoa
566136.html,karma to burn
565610.html,karsten matzelfeldt
566850.html,kate rusby
587872.html,kathbloom
587404.html,katie
567474.html,katiemelua
565529.html,keith jarrett
566246.html,kinky friedman
567140.html,kiss
566851.html,klaus schulze
cad600a6f96091a07001123ce47ad75bb5e69b63,kottke
566594.html,kv
587335.html,kwmtal
565934.html,l-ficher-g-baton
566910.html,lake
587343.html,larry_mccray
587805.html,larrycampbell_teresawilliams
566220.html,laura mvula
565697.html,le
565818.html,leaveseyes
567192.html,led zeppelin
566492.html,"lee, albert"
567572.html,len price
e9265d819e3aa662894b9480995f4bb8304ad041,levon
567807.html,leyla mccalla
656804b27f254414ed5fa6532d4fec219e5a6b04,lhb
565645.html,lifeofagony
587537.html,lilsmokies
567734.html,linda thompson
567641.html,lionshepherd
567739.html,lizzwright
567202.html,lk
587926.html,ll
126820.html,lofs
587515.html,logic
566199.html,lola colt
5acfcc8fb1220d147536aecf0785263e2e1290a8,lom
567315.html,londonso
587552.html,los
1577c098629202815095b41810b14ef28e179e66,loslobos
566848.html,lotnc
566314.html,loverevisited
565631.html,lp
8f71073ff291fa22657e549bbdff1363ec350a32,lrb
566791.html,ls
566810.html,lucie vitkova
567268.html,lucindawilliams
566896.html,macca
566933.html,mahler
565650.html,maku
587535.html,mando
587802.html,mandolinorange
567503.html,manfred manns eartband
566101.html,mangelepa
566279.html,mantar
587588.html,marcus king band
587595.html,marcuskingband
566787.html,maria muldaur
566756.html,marillion
567381.html,marker
567276.html,marklaneganband
587667.html,marksbrothers
566377.html,marque
565550.html,marthascanlan
587823.html,matisyahu
587704.html,matrix
567810.html,matthew shipp
567342.html,matthires
566431.html,mavis
566114.html,mavis staples
566458.html,mavisstaples
587687.html,maxcreek
127031.html,mbroussard
566467.html,mccartney
587748.html,mcooleyt
0052bf390af85fc942ff8f32c1ce95cfca06b5dd,megadeth
566146.html,melvins
567221.html,metronomy
565728.html,mh
566681.html,michael kiwanuka
565688.html,michele stodart
565788.html,michelle willis
567588.html,micktaylor
587732.html,midnight
587685.html,mikecooley
566612.html,mimijonescamillethurmanquartet
566329.html,ministry
567262.html,mississippi bigfoot
565849.html,misstess
587529.html,mmw
566573.html,mnek
567879.html,modernbaseball
566198.html,monolord
566648.html,monomyth
567344.html,montemontgomery
567339.html,moon hooch
566822.html,morseportnoy
566032.html,mostlyautumn
566643.html,motherengine
565877.html,mountain
127164.html,mozart
566170.html,mp
b1ec140ba277584bea872cda1bbc9873fcfec780,ms_jgb
566159.html,mudcrutch
566960.html,mudhoney
566609.html,mumford and sons
127119.html,mumfordandsons
565693.html,muse
567036.html,musicares
565750.html,mutemath
567136.html,mysleepingkarma
567565.html,neil finn
566233.html,neil young
566103.html,neil.young
567215.html,neilyoung
587466.html,nephrok
566184.html,new order
565891.html,nickcave
567338.html,nine inch nails
565557.html,nineinchnails
587560.html,nma
587779.html,nmas
566659.html,noelgallagher
587327.html,nrps
565974.html,ns
10725b9a103f08eef43d37d53462c9d794bc9112,ny
126780.html,nyphil
c33f5c5ee978797816d0e3feccc071cb3e77cba3,oakhurst
567592.html,op
567370.html,orchestfestlucerne
566072.html,ot
567245.html,otisrush
566183.html,ozric
565714.html,ozzy
566677.html,palace winter
567247.html,passenger
127161.html,patd
566264.html,paul mccartney
566531.html,paulsimon
565985.html,paws
566219.html,pdp
566326.html,pearljam
566734.html,peter &amp; the test tube babies
567750.html,peter astor
566799.html,"peter, bjorn, &amp; john"
567323.html,petergabriel
127025.html,pf
587720.html,pgroove
0aeba610f8c8c497f683731ac36810b7a6175ecf,ph
565623.html,ph&amp;tl
587626.html,phil
567286.html,philharmonia_orch
4d54671715bb91c699cfb6b22fac6664b45a14a7,phish
566249.html,phosphorescent
587446.html,pigeons
126806.html,pixies
566110.html,pj
587663.html,pl&amp;f
565684.html,pm
565739.html,polica
567257.html,pops staples
566554.html,powderforpigeons
566153.html,powow
565790.html,prairiehomecompanion
587387.html,pressroomtrio
565774.html,pretenders
567842.html,prime circle
587499.html,primus
587332.html,professor
566625.html,profetas
565929.html,prometheus
566522.html,prong
565606.html,prrp
127095.html,psychedelic furs
587573.html,ptf
565501.html,quasi
566556.html,quiet riot
567571.html,quireboys
e1b419107ab78bd52dd071334414ca212995d135,raccoon
565777.html,radiohead
567719.html,rag n bone man
565823.html,rage
f9a3d3a88bd2b688473febb88df805d23f00141f,raitt
566034.html,ralph_stanley
566884.html,rammstein
566238.html,ramones
566327.html,rasaduende
566360.html,ravi_shankar
566997.html,ravishankar
567709.html,raydavies
127156.html,red hot chili peppers
587692.html,reinacollinsbandccr
fc136f09d5e60fe4c0c429675214c82fd239062d,rem
587894.html,revtorband
587733.html,rf
567773.html,rh
c216e2ed72120980caf3c7301fded5c32e6df348,rhcp
566665.html,rhino bucket
587388.html,rhythmfuture
587912.html,rich robinson
566537.html,richard galliano &amp; philip catherine
566989.html,richard shindell
587921.html,richrobinson
587927.html,rm
567795.html,rob brown quartet
566217.html,robert plant
567054.html,robertplant
126926.html,rod stewart
567496.html,roger mcguinn
126935.html,rolling stones
566763.html,roniia
565694.html,ross miller
567274.html,rotor
567639.html,rrk
566702.html,rs
126967.html,rt
566844.html,rtband
567128.html,rush
587533.html,ryanadams
126980.html,s marriott
567466.html,sales
566106.html,sally barker
566018.html,sam amidon
126919.html,sambush
587950.html,samholtband
127205.html,sample
566269.html,sangeetmishrabobbysingh
566430.html,santana
126779.html,sarahpeacock
567416.html,satoko
565831.html,sator
567775.html,savages
567616.html,sb
587631.html,sbb
566672.html,scatterbrain
587389.html,scbb
566927.html,schmid-hagen-frohn-haering
587423.html,sci
566733.html,scorpions
587553.html,scr
566261.html,scythia
587563.html,seldomscene
567513.html,senior service
565780.html,seventhatspells
565698.html,shearwater
565513.html,sherylcrow
7d66aee7bb5139e86af56f8bb6045f020027bd05,shiny
87ec619615924cd0858add14592b79bc0d4a2fad,side a
565959.html,sideshow
587761.html,sierrahull
566964.html,sigur_ros
567171.html,skypilot
edf25ec0ac4fd08874c7627bc527420091ef1747,sl
566505.html,slayer
565518.html,slb
566724.html,slow train
126825.html,slydogs
6dd5d5a349fea7b0a59fc5fa35a2070008c9498e,smiths
567412.html,snc
566862.html,somaliyachtclub
565830.html,sonataarctica
565611.html,soundgarden
126889.html,southside.johnny
565536.html,sp
566777.html,spectrum
566111.html,spirit
565520.html,spook school
587883.html,spottedtiger
566651.html,spring king
565586.html,sr
587679.html,ss
126880.html,ssj
567838.html,stargaze
565675.html,ste
567790.html,steel pulse
567830.html,stephan eicher
566776.html,steve knightley
566023.html,sting
cd1c8a96322419332b10e785012c7c15e97ee44c,stinggabriel
567417.html,strauss
587476.html,strgdstrs
746fbd175e846d0a92f1a3d53f5981598d21f91e,stu_allen_mars_hotel
587641.html,stuallen
127082.html,studs brooks
565795.html,stuphil
567645.html,subsignal
566940.html,suede
566735.html,suicidal tendencies
566256.html,sundays
565676.html,sweet liberties
888ae778faf1d5ed69020113bf9f40806478f4ac,t
567324.html,ta
565717.html,tab
566717.html,tabata+kamekawa+hikari
567679.html,taj mahal
126771.html,tal wilkenfeld
566535.html,tatadios - roseti
565534.html,tbc
567219.html,tboh
565838.html,tbpfs
587415.html,tedeschi trucks band
587711.html,tedeschitrucksband
566747.html,tegan &amp; sara
565737.html,teleman
566511.html,tenacious d
566514.html,tenacious_d
567473.html,the bad plus
567731.html,the brew
566789.html,the clash
565503.html,the cure
567845.html,the everly brothers
567522.html,the heartbreakers
566127.html,the jam
587337.html,the london souls
587855.html,the marcus king band
587572.html,the nth power
565852.html,the obsessed
567431.html,the three marias
565970.html,the waterboys
126772.html,the who
127034.html,the.steepwater
587703.html,thebathsaltzombies
566409.html,theclash
127066.html,thedyes
566506.html,thejayhawks
567294.html,thin lizzy
c7a887a44298821a6129a4f01f5e46cf04f17bc1,think
566690.html,thirdeyeblind
566280.html,thunderstone
567566.html,tiger in your tank
566937.html,tigertailz
587371.html,timobrien
567023.html,tl
566517.html,tobylightman
126805.html,tom petty & mudcrutch
565532.html,tom petty &amp; mudcrutch
566349.html,tonerlow
5178afc019031e66162eb54e11ece20b3a1d03b6,too
565555.html,tool
566968.html,tp
567847.html,tr
567578.html,trembling bells
126823.html,tromboneshorty
566024.html,truckstophoneymoon
565861.html,trudell
566607.html,tt
aba0e9801dc0c23c7aa96adb1673151349c6ea1c,ttb
566320.html,ttbb
587850.html,tth
566617.html,tts
f704e684bd9817702d272c0d06cd118d695b0517,tweezer
565958.html,twenty one pilots
566633.html,twin atlantic
587472.html,tyminski
566764.html,type o negative
72ae59a32be917899f118b2bc09955f1e88bfe11,u2
567587.html,udo lindenberg
566790.html,ugly kid joe
565927.html,uli beckerhoff
587534.html,um
566178.html,unbenannt
566380.html,unisonic
587628.html,urethane
566540.html,vain
565746.html,van halen
566657.html,van morrison
567738.html,vanmorrison
566928.html,"vera, billy"
566488.html,vh
565864.html,vibravoid
567576.html,virginmarys
565923.html,vm
587606.html,w.haynes
566392.html,wagner
587887.html,warrenhaynes
567871.html,warrior soul
565677.html,wasilewski
566150.html,waterboys
567311.html,way
567695.html,wayne shorter
566294.html,wayne shorter quartet
587764.html,wb
567314.html,wedding present
566255.html,ween
127147.html,weezer
567130.html,wehuntbuffalo
566066.html,weird al yankovic
587690.html,wh
566917.html,white zombie
565654.html,whitesnake
565901.html,whitford
27b5823ccebd72da0c4816eccef6be226b3924e8,widespreadpanic
567369.html,wight
587396.html,wilco
126836.html,willienelson
587350.html,wj&amp;nl
126832.html,wnelson
567052.html,wofat
566595.html,wolfmother
567548.html,wonderstuff
587486.html,wookiefoot
587358.html,wp
587329.html,wsp
0adf1d1ecfe11bf43ccc6140a01d0f0487dd9c9e,wxrt maniacs
566673.html,xenakis
566141.html,xylaroo
127211.html,yes
567336.html,ylt
587804.html,ymsb
bfca9a4d4890d21e7b9633b3dee210d75acb40a9,youngbloods
567703.html,yusuf
587546.html,zak
9b4be863e41794fa7a27e092214bf7f8705e5e05,zero
566786.html,zodiacmindwarp
567809.html,zombies
565918.html,zu
