566895.html,001David Mallett Positano's  16-04-07 Set 1
566989.html,001Richard Shindell 1 JJ
567507.html,00_boris20160726
567718.html,01 - Battering Ram
566324.html,01 - Black Sabbath
566687.html,01 - Blitzkreig
567464.html,01 - Cab Calloway - You're Nobody 'Til Somebody Loves You
567692.html,01 - Earthrise
565714.html,01 - Ozzy screaming
565610.html,01 - Radio Intro - Karsten M&Atilde;&frac14;tzelfeldt
566238.html,01 - Ramones - 1997-11-25 - Howard Stern Interview
566937.html,01 - Tigertailz - Intro-Sicksex
566938.html,01 - Tigertailz - Intro-Sicksex
567634.html,01 Earthrise-First Night-Rhayder-Uneven Song
566723.html,01 Earthrise-First Night-Rhayder-Uneven Song
03bcddfb8e4c6e4df25f285517205919e41bca35,01 Gemini Dream
127059.html,01 Gregory Porter - Titles & Introduction
566930.html,01 Interview with Carla Bley and Steve Swallow
566932.html,01 Interview with Ches Smith
566679.html,01 John Cage - Five
566655.html,01 Keith jarrett 2016-07-03 Solo Budapest Part I
565529.html,01 Keith jarrett solo Osaka 2014-05-03 Part 01
567192.html,01 Led Zeppelin - Black Dog
567503.html,01 Manfred Manns Earthband - Captain Bobby Stout
565750.html,"01 Mutemath, Charlotte NC 2016-06-28"
566261.html,01 ScythiaSoundcheck
567810.html,01 Taktlos 2016 - Matthew Shipp
565970.html,"01 The Waterboys Warsaw, Poland, June 6 2016 Destinies Entwined"
567294.html,01 Thin Lizzy - Intro
566280.html,01 ThunderstoneSoundcheck
f704e684bd9817702d272c0d06cd118d695b0517,01 Tweezer
565958.html,"01 Twenty One Pilots, Charlotte, NC 2016-06-28"
567845.html,01 Wake Up Little Suzie (The Everly Brothers cover)
566294.html,01 Wayne Shorter Quartet Budapest 11-04-2016 medley I
566673.html,01 Xenakis - Khal Peer (Bornstein 1998-01-30)
566674.html,01 Xenakis - Metastasis (Chung 2001-02-10)
566805.html,01 Xenakis - Pleiades IV (Perc Strasbourg 2010-09-24)
566804.html,01 Xenakis - Tracees (Brabbins 2009-03-07)
566854.html,01 bd2016-07-02d1t1
566726.html,01 bd2016-07-03d1t1
566748.html,01 bd2016-07-05d1t1
566793.html,01 bd2016-07-06d1t1
566873.html,01 bd2016-07-08d1t1
566485.html,01 dori theme 06-35
565929.html,01 prometheus 06-31
567431.html,01 the three marias 11-37
565966.html,01 tribute to keith jarrett 11-39
566629.html,01-Amaranthe - Interview
566920.html,01-Apex Predator &acirc;\x80\x93 Easy Meat
567088.html,01-Beck's Bolero - Rice Pudding
567150.html,01-Beck's Bolero - Rice Pudding
567285.html,01-Beck's Bolero - Rice Pudding
567022.html,01-Beck's Bolero - Rice Pudding
567025.html,01-Beck's Bolero - Rice Pudding
567201.html,01-Beck's Bolero - Rice Pudding
565948.html,01-Black Sabbath
566371.html,01-Black Sabbath
566119.html,01-The Passenger-Iggy Pop-Isle of Wight 2016
567146.html,01. Dust Bowl--Paris 4.1.13
566724.html,01. Slow Train--Paris 4.1.13
566879.html,"01. Slow Train--Paris, France 2013-04-01"
567566.html,"01. Tiger in Your Tank--Cheyenne, WY, USA 2014-08-27"
567368.html,"01. Woke Up Dreaming--New Orleans. LA, USA 2013-11-26"
567271.html,01Editors Glastonbury 2016
126776.html,02 Can't Explain - The Who
127051.html,02 Iron Butterfly Theme
567639.html,02 RRK_Village_Vanguard_75-0103 U T
567323.html,02-Peter Gabriel _ Paris 83 -CD2
126935.html,03. Rolling Stones - Sympathy For The Devil
127156.html,04 Red Hot Chili Peppers - Warped
566933.html,05 Mahler-Das Klagende Lied I-Waldmarchen
567830.html,09 Stephan Eicher 2016-03-01 Marseille Kikki aud master 
565959.html,1 sideshow NY 1999-06-04
566017.html,"1. Radio-Interview with Joe Jackson-2016-03-15 - radioPARADISO, Berlin"
567417.html,10 Strauss-Der Rosenkavalier Suite I-Con molto agitato
567653.html,101 Klaus Schulze 1976-04-03 Paris FM 
566851.html,101 Klaus Schulze 1982-09-22 London 1st g aud
567233.html,101 Led Zeppelin - Introduction By Goro Itoi
567496.html,101 Roger McGuinn - unknown
566488.html,101 vh 5-7-08 You really Got Me
566106.html,101-Money's Talking-Sally Barker-Hawick-08-02-2016
f984d4ab17b0a85de1bfa9ffab80efd7625b8122,102 jg1975-01-05.FM.interview.History of the Dead.tc3.flac16
567338.html,11 - Reptile (Originally by Nine Inch Nails)
567717.html,13 Julie Vander
567578.html,160708-Trembling Bells aud01
566890.html,19780214_Jam_Paris_mc01
566546.html,19780401_Jam_4Acres08
565723.html,1989-08-26d1t01-padded
3c39e32bf0918ec3190ecda08442eba0d8b2faa8,1997June22BeauSolielD1tr01
567064.html,20030923_Radiohead_Shoreline_25 Everything In Its Right Place
566799.html,"2007-08-15 - Peter, Bjorn &amp; John - Paredes de Coura01"
567275.html,201 Led Zeppelin - Introduction
567442.html,"2016-04-15 Cully Jazz, Wayne Shorter Quartet (broadcast)"
587360.html,2016-06-04GSBG_s1_t03
565748.html,"2016-06-17 Clawhammer, The Casbah01"
587570.html,2016-07-02BruceHornsbyMNZooSchoepsMK41_tr06
587699.html,2016-07-08 wsp@the joint_101
587637.html,2016-07-08 wsp@thejoint_101
566375.html,2016-07-09  Barry Melton &amp; The Green Ray Sol Party 2016 Track 01
587700.html,2016-07-09 wsp@the joint_101
587634.html,2016-07-09 wsp@thejoint_101
587693.html,2016-07-10 wsp@the joint_101
587632.html,2016-07-10 wsp@thejoint_101
126991.html,2016-07-13 - Van Morrison - Stuttgart T01
126990.html,2016-07-14 - David Gilmour - Stuttgart T01
127071.html,2016-07-21 - Neil Young - Berlin T01
567166.html,2016-07-21 - Neil Young - Berlin T01
567240.html,2016-07-22 Boris (Pink) The Casbah01
567775.html,2016-07-29 Savages Observatory North Park01
567053.html,21Ramones1981Aug20SCruzCivic
565602.html,24 Arno 2016-03-22 Marseille kikki aud master
