601873,_slash
601272,a
608933,a certain ratio
600383,a flock of seagulls
605676,a perfect circle
600631,a side
594835,a-beez
612978,a-to have and to have not
608278,a_christmas_celtic_sojourn
596557,aaronleetasjan
605839,ab
600142,abc
606619,abdullah ibrahim and ekaya zuerich
603651,abigail washburn and bela fleck
608022,ac-dc
609832,ac-disc
606440,ac_dc
601550,accept
613074,acceptsb
607419,acdc
613542,ace frehley
604719,acefrehley
d5f26050446cc5a880ba1ff264342482c840eace,achinghearts
610320,acid mothers temple
595081,acoustic
604833,acoustic strawbs
607663,ad
597600,adam
138719,adamcarroll.brianrung
597283,adamezra
610323,adele
609548,adolescents
609411,adrian legg
601391,ae
596972,aeg
612894,aerosmith
601060,af
603460,afghan whigs
610135,afl
612902,afl & low riders
596801,afrolachia
614162,ag
599671,against me
603215,agd
596126,agents of good roots
607024,agnesobel
604828,aharding
606756,ahleuchatistas
601403,ahmad jamal
604642,ahmaljamal
608669,aia_d
599507,aic
606320,aimee mann
613282,air supply
603796,ak'chamel
606801,akus
599716,al green
614404,al kooper
607806,al stewart
55aaff13e8cf3aa961e9b902241ea4423a7e8a36,al_dimeola
612839,alabamashakes
612892,alain johannes
605985,alam khan
134867,alan parsons
596169,alanmuiz
611253,alanparsons
603888,alarm norwich
612860,albert lee
601417,albertcastiglia
614510,albion band easter garland
599357,aldous harding
611490,alejandro escovedo
611717,alejandroescovedoband
596631,alex
612818,alex chilton
a9b259e0c4b1a49c35eb208f5059940280d0926c,alexchilton
599332,algreen
600286,alice cooper
613606,alice in chains
599637,alicecooper
08cfd15206d987263308a472c3448fd73b9cf03a,aliceinchains
603677,alison brown
612841,alison krauss & union station
135731,alisonbrown
612867,alisonbrownquintet
610988,alisonkrauss
601302,alkatraz
601787,all about chad
606404,allan.taylor
605357,allison crutchfield and the fizz
136509,allisonau
602504,allisterlob
601930,allyvenable
611812,allyveneble
605506,alpert
601619,alphaville
599279,alstewart
614365,alt j
600709,alt-j
603614,alter bridge
611266,alterbridge
602182,alvvays
603155,amanda
604019,amberiandawnfemme
609252,amboy dukes
612821,amenra
606121,america
611905,americanaquarium
136443,aminafigarova
604986,amparanoia
597557,amyhelm
597556,amyray
612871,ana popovic
135586,analogues
600672,anamanaguchi
607684,anapopovic
137333,anapopovoc
595456,anders
596270,anders+jackie
601586,andersosborne
595292,andres
613672,andrew gibb & scottish dance band
597617,andy frasco
610312,andy irvine
610130,andy m stewart
596461,andyfalco
fb7575dc4a68bd07b9ba3fca06c4a87f75f2cc6b,angeille des manteaux
610195,angelicupstarts
609622,angelnationmannheim
612876,angus & julia stone
600908,ani difranco
596359,anidifranco
603186,animal_collective
7ff9e59c04de63871b5f238b074d7157f94b293e,anita baker_wembley arena
609902,anl
611714,ann wilson
609536,anne marie
609645,anne.mccue
603764,annekefemme
609177,annihilator
605777,ansh
608888,anthony joseph
609391,anthrax
134786,antonschwartz
613194,anvil
606237,ao
595952,aojg
610640,apatt
607104,apc
601524,apiedinudiprogday
608809,"apple, fiona"
610137,aquaserge
595060,aqueous
595502,ar
610660,arabstrap
609891,aranis
4d4f1ff5f7fc1c0edab1614045a03e1097f2c3ef,arc_angels
609430,arcade fire
612224,archenemy
611702,archenemymunich
613936,archenemysb
611708,archenemystuttgart
611727,archie
601501,arctic monkeys
610469,argos
605558,arlanfeiles
607530,arlo
607506,arlo guthrie
595717,arloguthrie
607341,art garfunkel
601780,artblakey
5ed82548655051ec7330ca419c4b2dbe6fb4cf62,artblakey-philadelphia
602082,arturo o'farrill quartet
601087,arw
611388,as the years go passing by
602713,ash-holmfirth picturedrome
600311,ashcroft
137728,ashesofareslangen
08fa65b293dd7d746ebe89ada702a0dc0db8fe28,asleep at the wheel
614061,asmodi bizarr
135091,astor piazzolla
135090,astorpiazzollaqnttangonuevo
606373,atdi
596416,atlanta
609599,atlantis
614203,atmosphere
138122,atrack
606113,attwenger
606252,atw
598058,aubreyhaddard
594981,audacity
613485,audioslave
601534,audrey_harrer
612143,auger bbc
612144,"auger, brian"
612730,australian pink floyd
606714,autobahn
603801,av
596747,avett
596748,avettbros
603490,aveytare
598006,avibortnick
135212,avishaicohen
608016,aynsley lister_sale
605667,ayr-d
602546,azigzaprogday
612703,azureray
600757,b
609962,b.cockburn
605778,baba zula ebar cd
606284,babesintoyland
600916,baby in vain
611771,bach - sonatas for solo violin - julia fischer
faa19c7902370b311d24bc45a879fc038658b443,bad
612012,bad avenue
135504,badbrains
603056,badco
613171,baez
613919,baez essen
595591,bananaslugstringband
136910,band
612367,band of holy joy
613726,band of horses
ff6565be8076a60d9f1c0b9c42963a1a4e89a68a,bandcompetitionfinals
968aa4c33874e1d4e4f854f19a0d28d7709ae17a,banjocontest
604817,baobab chiasso
604872,bardo_pond
596792,barnes
611147,barrbros
2bb20445a888d6d0a2a3ea8ae175df25e70b9a95,barrington_levy
bceed721501bd8fdee6470b78895ded803ccbdbf,barrymelton
595325,bathtubgin
609563,"battiato, franco"
595330,battlefield
609150,bauhaus
cf6bce68e127549ae2fff8f3a7bd80484e7165fd,bawninthemash
604798,baxter dury
612937,bazzookas
599689,bb
138506,bb_jh
603527,bbc con orch
604794,bbcso
607428,bbfl
c5abc2d00d9ae1009d8f269b4d41a47e9094002d,bbgwpart
607725,bbking
607632,bbs
607339,bcl
610476,bcockburn
599355,bd
135276,bd_ccv
135370,bd_riems
134924,bdltd
594904,bdm
605266,bdylan
607803,beach house
137462,beachboys
608706,beans on toast
613845,bear s den
599360,bear's den
612002,beardfishprogday
595501,bearly
609995,bearsden
611150,beastie boys
595756,beatsantique
600893,beck
611569,bedouine
601334,behemoth
bc7986fac1f4725af4b966567f4bb66d7339ef8d,belafleck
aa9bfc15efab2511301e759c46368b92bda13210,belafleckandtheflecktones
602814,belinda carlisle
614105,bell
608869,belle & sebastian
612518,belle and sebastian
611425,belle game
609171,belle_sebastian
613502,bellringer
606222,ben folds
606921,ben harper
603950,benjaminbooker
608024,benjaminclementine
610780,benny green
611161,benoit
607025,berlin
613492,bermuda triangle
609870,berniemarsden
609341,bernietorme
608194,berniew
609412,"bert jansch,paul millns,nigel portman-smith"
612980,best coast
604692,beth ditto
613047,beth hart
4eef31a3849a861111d387d020ed22e7a4b25b5d,betse&clarkewiththeachinghearts
607850,bevis frond
604084,beyondgodfemme
c067acbe4d7c662723bebaed3a84eadded613394,bfeck&ccorea
f524904bdea3278e3a7b52e806d6075a600f951b,bff
603659,bg
603678,bicep
608835,biffy clyro
597738,big
608343,big audio dynamite
612750,big business
607462,big country
612927,big sam's funky nation
605760,big star
603564,big thief
605680,big.daddy.wilson
609507,bigbernie
597700,bigbraziliancheese
613216,bigfoot
9db0d76ea1d2a89dc150f750995e15448a86cf0c,bigfootyancy
595574,bigsomething
597197,bigtime
600629,bill.wyman & the.rhythm.kings
608054,bill_morrissey
613063,billkirchin
603919,billm
2313009cc079f23418498a0dc5ed55800b75da53,billposs
600989,billy joel
858e045fde7693057b6f65ea2528e0c9072ca7ff,billy martin wicked knee
596548,billy_bright
613463,billybragg
601259,billycobham
600744,billyjoel
594978,billystrings
595621,billywylder
597029,birch
597899,birdcity
613736,bit d
608580,bitchin' bajas
611918,bjbarham
600103,bjm
600162,bjoel
613593,bjthomas
596532,black
611104,black box revelation
611233,black dog
606116,black mountain
608973,black sabbath
600681,black sabbitch
612935,black top
602108,black_angels
599855,black_art_jazz_collective
608762,black_sabbath
610840,blackangels
594938,blackberry
603579,blackcrowes
600821,blacklillies
602418,blacklung
607315,blackmountain
613661,blacksabbitch
b4942546a61dac43ecc00cab5b7a77908fb5cf9c,blackuhuru
600455,blackwaters
611220,blas
607200,blasters
612637,bleachers
601491,blindboys
595499,blitzentrapper
610740,blj
601193,blondie
602703,blowbyblow
609339,blue
610531,blue collar man
608443,blue_heron_choir
604163,bluerose
597943,blues
134788,blues pills
601300,bluesp
608984,bluespills
601779,bmarsalis
601219,bmc
611053,bmm
605307,bmw
601953,bo ningen
610099,bob & carol pegg
600207,bob dylan
3e56c88bf943cf27495b844052b8ffe5fd646861,bob marley
610097,bob pegg
610096,bob pegg & nick strutt
610107,bob pegg & tim souster
606797,bob welch
137629,bob.dylan
610981,bobbykeys
607577,bobdylan
600046,bobseger
597471,boc
605987,bodylan
599214,boh_billydee
613571,bol
602528,bon iver
603904,bon jovi
609379,bonamassa
595074,bonarama
595132,bonerama
610052,bongripper
601443,bonnie raitt
a6d80bb0d7aad7c4c0eef2c5401c098a03a5edbd,bonnie_raitt
601852,bonnieraitt
134880,bookert
613741,boom tic boom
608081,bootsy
594921,borisgarcia
604570,bostonchamberms
600861,bostonpops
599955,bostonso
601698,bostonso_chamber_players
602893,bottlerockets
611354,boubacartraore_chiasso
597404,bowthayer
594926,box
607141,boyziimen
609182,bpb
135279,bradmehldauchristhile
605281,brain surgeons
603400,brandi carlile
603591,brandnew
603749,brandx
595134,branfordmarsalis
607673,brant_bjork
602677,brantbjork
610613,breeders
608423,breeders-last_splash_demos
611954,brettdennen
595533,brian
605740,brian may band
135050,brian paramount
137326,brian setzer
135434,brian wilson
b9a465075627033d3f142d5a6743a92e328be0b6,brianblade
605298,briandowney
595165,briansancesband
607136,briansetzer
137418,brianwilson
604849,british sea power
601798,brix and the extricated
613888,brixandtheextricated
613012,broken social scene
613325,broken_windows
610294,bromberg
611035,brothergrimm
135797,brotherroy
597898,brothersmccann
608185,brothersosborne
612270,brothersun
604844,browne
9f25010839cc08e070c0237eba421e79dbd5b0bc,"browne, jackson"
595364,browstein
599327,brox
605585,bru
613489,bruce cockburn
613834,bruce izod
607731,bruce springsteen
606547,bruce.cockburn
612282,bruce.sudano+hbrs
694ffd482b0e4bdef7a3e6741a3dc2cc621b6d7f,brucebartletttrio
607415,brucecockburn
608598,brucehornsby
611213,bruces
602587,brucespringsteen
608630,brutus
603386,bsojc
602739,bss
609073,bst
610382,bt-jl
594843,btalcbigband
597916,btb
604956,buckingham mcvie
608007,"buckley, jeff"
135343,buckwheat zydeco
612911,buckwheatzydeco
613014,buddy guy
603830,buddy guy wuth eric clapton
135941,buddyguy
613048,buddymillerandjimlauderdale
f5c5ce560cd03289d9975151ad94f58522fa03d5,buddywhittington
606833,budgie bierkeller
594862,budosband
135929,budwig
603334,buffalo_tom
603605,buffalotom
136091,buick
614224,bunyan
262f2fd072d8fa3f30f852ddae13e9597b1fcc04,burnett
600675,bush
610602,buster poindexter
137675,butchtrucks
608309,buzzcocks
607620,bvcombo
48b09ac80688c58c5a806a71ce32a2c13048a1b2,bvox
594873,bweir
608647,byrds
609178,bz
604200,c
612193,ca
601459,cabbage
594851,cabinet
612394,cactus
612595,cage the elephant
613893,califone
613197,californiahoneydrops
605106,camel
138734,cameroncarpenter
597241,camper
608917,camper van beethoven
600427,can
607234,candlebox
610293,canned heat
604198,cantata_singers
606802,caravan
608221,cardiacs
611902,cardinals
599542,carla bley
596399,carlanderson
601772,"carlton, larry"
608880,"carmen, eric"
613524,carney+richardson
613922,carneyballjohnson
611241,carolynwonderland
609117,carrie_rodriquez
138142,cartwrightzorndick
600512,cashdout
610799,cask strength ceilidh band
601162,casper
612726,casualties
611983,catfish & the bottlemen
597490,cats
613205,cavesingers
611632,cbb
594863,cbradley
612626,ccr
138534,cdb
605483,cdbdb
606194,cdimage
596897,cdo
603511,ce
602890,ceciltaylor
604180,celibate rifles
605088,celso pina
138379,cfj ff
613732,cgb
a8cb9c67de9346faddd3ac2d858ce9e1f295efeb,cgm
602714,chameleons
601089,chameleons vox
610573,chantal acda
608936,chanticleer
611046,charles bradley
608772,charles pasi
601615,charlesbradley
595602,charlie
600478,charlie puth
c59aa2ec2bfbd267d17c305e497d879625f0c56f,charlie_musslewhite
611480,charliedaniels
596913,charliehuntertrio
135238,charliemusselwhite
604765,charlieparr
608911,charming liars
613674,chasca
599831,cheap trick
599725,cheaptrick
610023,cheer accident
601328,cheickhamaladiabate
597579,chelsea
607235,cherry glazerr
612196,chic
604796,chic & nile rodgers
604675,chic and nile rodgers
602119,chicago transit authority
0bfa29965d97aea5c6f9cba30dcc334f88a7b186,chicagofarmer
601521,chicanobatman
da6358f31b533b6b2a561769e738d728b7256f4f,chiccorea
f503e90e068ecf0a2248741fae59827ec1f9c908,chick corea
608087,chickcorea
b5e432cb0ba5fbc6cdf3bdf2747cd1bc1f89d1d9,chickenshack
602057,child
595824,chip
609413,chip taylor
595216,chris
8134422e3faaedd87556b2d3c2103b611fe0d0eb,chris hillman and herb pedersen
607127,chris rea
598112,chris robinson brotherhood
137509,chris squire
606542,chris whitley
600561,chris_smither
609130,chrisfarlowe
613169,chrisisaak
594906,chrisrobinson
137425,christian scott
596823,christinebalfaandbalfatoujours
608877,church
604497,churchofmisery
603624,cigarettes after sex
613073,cinemechanica
605522,circle jerks
605538,circlejerks
595787,circusnine
609646,cjfish
134859,clairelynchband
138194,clan
614435,clap your hands say yeah
614062,clapton
601639,"clapton, eric"
92ed8aba5426c098a347d921dc27fb3da6709670,clarence_white
601940,clarkegilby
613285,clash
606433,clean bandit
605352,clegg
607377,cleveland orchestra
607382,cleveland_orchestra
606396,clevelandorchestra
605980,cliff_louise
603510,cliffrichard
138219,clinic
602270,clive gregson & liz simcock
604961,close lobsters
596322,coalboilers
612201,cob
602655,cobain
605578,cockburn
607610,"cockburn, bruce"
602282,coco
613199,coco montoya
596676,cody
136682,coldwarkids
614393,colin donaldson scottish dance band
613215,colinhay
135267,colinjames
596840,collier
602426,collins-sefton-sheehey
613140,colmar
610349,colour haze
611818,colourflow
600154,colter wall
613403,commandercody
614265,common kings
597059,commonkings
600963,comsat angels
594820,conbrio
603665,conor oberst
608052,conor oberts
599688,conor_oberst
596820,consciouspilot
597122,considerthesource
609174,cook
600388,cop killer
600939,copperhead
597690,cordovas
0b9bc57b8e3e6d5034277e00f9f1cb2bac7b4909,corea gadd
602847,coreagadd
595695,corey
604718,corgan
606407,cosmicdead
613129,cotw_pe
599221,country joe & electric music band
2bd0685956506d40b15151b66472905a21bc1213,countryboys
614021,court and sparks band
603632,courtney barnett & kurt vile
596505,coy
614036,cradleoffilth
611605,cranberries
611603,crash test dummies
611687,crashtestdummies
610743,crawl
594805,crb
605884,cream_psychedelic_circus
613172,credenceclearwaterrevisited
613717,creeps
607169,crippledblackphoenix
611548,crippledblackphoenixffm
597741,cris
595951,crisjacobs
134810,crobinson
612756,crosa rosa
137932,"crosby, pevar, and raymond"
136143,crosscurrents
134895,crossingmuddywaters
613069,crowded house
606739,croydon
612321,crycrycry
612327,crycrycrywks
612466,cryptical
602543,cs
ecf5f477297adcacb158a0d118051fe7afaa1d96,csn
605093,csny
599709,cspedding
611686,ctd
606239,ctr
599323,cue
610264,cult
614453,cult of luna with julie christmas
605480,cultureclub
601971,cure
608779,curtis harding
611817,curved air
613986,custardpies
595567,cville
596734,cycles
613182,cyndi lauper
600444,czukay holger
137642,d perez - j patitucci - t l carrington
609503,d-a-d
605734,da
597801,dac
607839,dacaptaintrips
601597,damian marley
603197,damianwilson
602980,damianwilsonffm
601557,damnationsday
606514,damosuzuki
611317,dan
605256,dan hicks & hot licks
610864,dan reed network
601576,danakil
609517,danbaird
605043,danbairdshomemadesin
601487,dandywarhols
595518,dangermuffin
614254,dangers of the sea
608684,danhick
606234,danhicks
603562,daniel johnston with the districts & modern baseball
134947,danielle nicole band
607518,dankojones
595978,dannyburns
609789,dantemuenchen
138432,danzer
597698,dap
536cfb9175282ea6f54a7eae878920bf530fba5c,dariusrucker
595365,dark star
613318,dark star orchestra
607243,darkbuddharising
601295,darlene love
608856,darlingside
597578,darrin
605124,daryl hall & john oates
605950,dat
612650,daughter
604658,dave & jimmie
604894,dave holland
9d0bb842d638c588825be4b2033e666fb2598295,dave holland quintet
607715,dave holland trio
607016,dave mason
600335,davealvin&friends
610884,davell crawford
613236,davemason
613869,davepirner-and-ryansmith
595532,david
613238,david byrne
603340,david grisman
611619,david johansen
604038,david lee roth
613240,david lindley
607524,david.knopfler
c55f88ff3a8c647660122a856dd028a959159f42,david_gans
138552,davidcrosby
605761,davidgrisman
596641,davidgrismansextet
595980,davidlanglois
596828,davidmccrackenandfriends
597991,davy
599589,davyknowles
611571,dawes
155b95c97142c83a183829cab8d7a0acbca5967e,day
595625,db+nf
594903,dbnf
606203,de-sf
612983,dead boys
605717,dead can dance
602181,dead cross
601001,dead kennedys
594928,deadaffect
596597,deadandco
609256,deadboys
596309,deadco
135990,deadmilkmenfix
611199,deadsoultribe
609142,deafheaven
594917,deanmonkey&thedropouts
595186,deantoniparks
609179,death angel
603483,death from above
602789,death valley girls
612744,deathvalleygirls
602887,dec
611204,dee snider
607780,dee_dee_bridgewater
610471,deeexpus
610798,deep banana blackout
600022,deep purple
599639,deeppurple
603208,deerhoof
603456,degregori
596434,dejafuze
595984,del-dawg
602213,delbertmcclinton
594973,deldawg
603790,delivery
596176,dellamae
597671,delmccoury
612266,delta deep phil collen
612782,delta rae
606421,demi lovato
602859,demos
136207,denguefever
600188,depeche mode
606319,depeche_mode
602647,depechemode
093f2e08ac78e011b65b7293da92bf65a50839fc,depedro
605647,der nino
610145,dermot kennedy
608907,desperate journalist
611712,detective
612082,detroit
613308,devil makes three
613315,devilmakesthree
595199,devonallman
606855,dfa
137036,dftm
610984,dg
595606,dgbe
595748,dgjl
601322,dgq
606497,dhakabrakha
596569,dharper
609091,dhicks mfp
609400,dhidalah
613175,dhjo
04e6eaeee8ed6269ff76ea257cf309d05f0d2bb3,dhol
600421,dianereeves
611811,dich
610028,dick gaughan
601365,dick valentine
611162,diehartjungs
605940,diet cig
612828,different_degrees
611332,digarhythmband
614161,dillon
601700,dinojr
603600,dinosaur jr
606110,dinosaur_jr
606039,dinosaurjr
613870,dio
611438,dire straits
600469,dirkschneiderhanau
612079,dirtysoundmagnet
605084,disc
594884,discobiscuits
611010,disctwotrack
607383,divine_comedy
614009,dixiedregs
596624,dizgo
595973,dj
605695,django django
595239,djr
599305,dk
f9ad50ebdc86fb5c508e55eb137f860e6419f0bb,dkcols
134865,dl+rc
600759,dl+wi
00d244942745557e0d8c4d60401a85f3d0195d24,dls
613960,dm+tr
609696,dmd
607211,dmh lsc
610321,dmo
595152,dnc
8d7e4afc8c386408829c8a92928a435062cf12c5,docw
603557,dodgy
608382,doll skin
595196,donnathebuffalo
603484,donovan
611245,doobie bros
613286,doobie brothers
600351,doobiebrothers
595553,dookie
596293,dopapod
612428,dorifreeman
613010,doris.brendel
608001,doro
609802,doroka
600239,doyle bramhall ii
610963,doylebramhallii
607607,dpu
601921,dpullen
138674,dr john
606617,dr lonnie smith
612915,dr. john
606956,dr.john
604051,dragondeer
608260,dragonsmoke
596735,dragonsmole
608841,dream syndicate
605486,dreamsyndicate
601556,dreamtheater
604056,dri
594853,driftwood
596363,drivebytruckers
596546,drivin
596539,drivinncryin
608532,drjohn
607611,drkay
596919,drpt
d819e025ccaccad666d2e6c0085765eea351d518,drums
613320,dry branch fire squad
611090,duarte-bailey-sipe
594991,dubapocalypse
601275,duff mckagan
610441,dumpstaphunk
599362,dungen
135361,dw+jl
604157,dweezil zappa
603161,dweezilzappa
605896,dwight yoakam
137042,dwight yoakam band
613337,dwightyoakam
605771,dwl
135286,dy
601589,dylan
136242,dylanbm
608924,e&b
611234,eagles
594974,earls
611454,early set
0ecd133cffda6cb68783c268e7e91264deb1258d,early show
596513,earsight
602505,earth
601361,earthless
600329,earthless_denver co
611596,earthlingsociety
610655,eastfield
134835,easyleaves
609251,eatb
596098,ebnb
599386,ec
610926,echolynprogday
613353,ecsw
609641,ed sheeran
605603,ed&jh
613875,edd
611690,eddie and the hot rods
608280,edgar broughton
600740,edgar winter band
135720,edgarmeyerchristianmcbride
599321,edgarwinter
601397,edguyffm
613340,edie brickel & the new bohemians
600205,editors
601481,edsheeran
607968,ee
600591,eekamouse
135527,eels live
610062,ef
601510,eilenjewell
603701,eisbrecherwi
603524,ej
603757,ek+tsb
604803,elastica
600206,elbow
596404,elbuho
610470,elder
135754,electricbeethoven
596264,elephantrevival
606522,eliza carthy & wayward band
596556,elizabeth
596562,elizabeth cook
595593,elizabethcook
605103,ella eyre
601664,ellen andrea wang
611428,elliottsmith
610934,elo
611019,elohim
136587,elp
595552,elten
604637,elton john
613341,elvin bishop
3f82f807b3986fe0623cec6fc96455c175602185,elvin_bishop
607043,ema
606747,ema fox
611785,embryo
611968,embryo+stromsession
599881,emily
610866,emily haines and the soft skeleton
600253,emily remler
608097,emily saliers
606559,emilybarker
596377,emisunshine
605335,emmy lou harris & spyboy
609685,emmylouharris
610956,encores
601169,endlessboogie
610403,englishbeat
607726,ensemble hesperi
602022,ensemble-ruth_lomon-tr
613044,eodm
606063,epicakã¶ln
607532,epicamuenchen
595351,eric
599446,eric clapton
612653,eric gales
137144,eric sardinas
138228,ericbachmann
603808,ericburdon
595443,erickrasno
595525,ericlindell
138324,erikjekabson
134992,ernesto bladden
610331,err
612893,es-cw
601883,esben and the witch
613473,esmz
612984,esp
614133,etatmb
7bbcebc88b9ada120cb9c84aae6173437d4907c4,ethan iverson
dc81e913ad228ffac4eea3d41169c551346809e5,etown
0ec4177211a33699d0dc2b422de4650120ddfcd7,etta_james
611937,evan_dando
608491,evanescence
601018,everclear
603326,evergreyffm
595174,everyonesdead
607454,evidence
611223,evildead
612541,evol
604510,ew
605615,exene cervenka & john doe
595776,existem
599719,eyehategod
608288,f
610356,fabfaux
602121,fairport convention
135843,fairport.convention
609144,faith no more
612401,fall
135402,fantasticnegrito
613640,far
602539,farcornerprogday
613143,fastball
611270,fastway
608715,fat freddys drop
138229,fatherjohnmisty
3894268be9dda850bd3e740127cbfecbff2184da,fats
607380,faust
613145,fc ag
609311,fear
611868,feist
603565,felice brothers
138233,felicebros
138232,felicebrothers
614154,fertilehump
596248,fhbb
609510,field music
611423,field_music
614536,fields of the nephilim
597632,fijimariners
603891,fink
600937,fionaapple
604175,fionaapple+sherylcrow
611540,firewindspeyer
603575,first aid kit
608600,fish
609514,fist
611544,fixx
601106,fjm
614229,fl
136591,fla
604199,fleet foxes
609807,fleetwood mac
138389,flips
607525,flowerkingsprogday
608473,fmacfin
609007,fmachanger
605629,fnm
603279,focus
610983,focusprogday
597356,fof
603227,foo fighters
600092,foofighters
613274,"ford, robben"
606442,forever pavot
598060,forq
614192,fortunate youth
610434,foundationoffunk
612713,foxing
135108,foxtollingdenson
600899,frampton
612461,france
603517,franck carducci band
605221,francobollo
611089,frank harrison group
136085,frankblack
596825,frankfamilyzydeco
607779,frankfurt
596360,franksolivan
601304,franz ferdinand
600287,franzferdinand
607327,free
596846,freedead
611561,freedomcallsb
596771,freekbass
610596,frequency drift
602287,front
603518,frost
595383,fruition
612608,frumpy
605410,frã¤ulein hona
fa1d220d9a3eec87f211e5c36da42eeac892a46b,ftb
5fdec010ebbda736187254cae208a571a7902a20,ftw
596884,funky
597138,funkydawgz
601048,funkymeters
9b5774c48b6688596285b3cb5d4bb2beaea37f77,fuse one - tokyo
595284,future
607637,future islands
609221,fz
605749,g&g
596922,g-grass
613599,g-lp
605229,g.mule
137363,gab
efa150a072379b10455368afe7b9a5cfab5c7c43,"gabriel, peter"
6bc6b75ee41655770de5c247fdc34806846a98eb,gabriel_ peter
606432,gabrielle aplin
610002,gael faye
137306,gaf
595049,galactic
609425,galaxie
607226,galay bustos
595608,gallatincanyon
600318,gallen
135252,gallman
611804,gang of four
610677,gang war
613132,garbage
608959,"garner, sue"
596902,garrettgospelgrass
601394,gary clark jr
597737,garybackstrom
602111,garyhoey
631662147759e5ce7e1f3ec0cb253c28447f854a,gatemouth
599710,gatewaytrio
134777,gcj
605407,geir lysne
614372,gemma ray
607510,gen
612641,generationals
612422,genesis
67ace9ced018b3eaa86463f630812bec3ea77ff4,genetics
600510,gentlemans circle
138590,georg danzer
612996,george michael
136268,georgethorogood
608731,get well soon
596551,gf
603861,gfr
596956,ggg
610510,gh_far east
604623,ghost_scorpion
596361,gibsonbrothers
596375,gid
597783,gift
0133b48cf62a48c3975f8d64653df6c683ba548f,gift_forove move me
601288,gilbyclarke
603682,gillian welch and dave rawlings
135734,gillianwelch
600626,ginblossoms
607259,girija_devi
600677,girls in hawaii
610244,girlschool
605504,glasgow
611673,glasgow_gathering_d
610168,glasgowcomascale
600382,glen campbell with victoria ghost
604981,glen hansard
613409,glenn hughes
601549,glennhughes
607081,glennphillipsbandprogday
614164,"glove,jack,&donavon"
597610,glr
613824,gls
601585,gnod
602572,gnr
608339,go-go's
606275,goat girl
138141,godfathers
605453,godfathers razzmatazz
611337,gohlss
612674,golden earring
610589,golden grass
603366,gong
612883,goo goo dolls
612686,good rockin dopsie
604112,gor
135934,gorddownie
602041,gordon lightfoot
596666,gordonstonetrio
607895,gorillaz
609295,gozoyoshimasu&kukangendai
606260,gp
595385,gpgds
614209,gr
608940,graceful
608195,grandfunk-hamburg
601067,grant hart
613903,grant lee phillips
600964,granthart
596397,grass
595144,grateful
614101,grateful dead
597457,gratefuldead
611116,grausametoechterffm
605909,graysoncapps
598110,grdead
606405,greatguitars
613823,greatlakeswimmers
135222,green day
612597,green ray
605222,greenday
609292,greenflames
596721,greenisbeautiful
595033,greensky
612619,greg kihn
597615,gregluttrell
137435,gretchen parlato
597708,greyboyallstars
607503,grinspoon
3b1812c16b8ae668219235b53baafdd4a2632b3f,grisman mccoury
604491,grizzly bear
614170,grndtn
595282,groundhog
608910,grusom
607119,gryphon
612542,gsol
610712,guapo
610452,gueststar
611105,guillermoklein
604171,gun brighton centre
612529,guns n roses
614223,gurevich
610308,gurge
603750,gvf
603041,gw_dr
605904,gwbotlinny
605960,gwhocnetor
605871,gwlaurmd
605873,gwwhwashdc
605802,gwwin
604722,gypsy
606948,gypsy kings
606912,haas in vain
609012,habibkoite
613478,hackett
137756,hail
605216,haim
614211,haldern pop
598176,halem
596793,haleyjane
612446,half.waif
607840,hallyday
608132,halma
611829,hamburg blues band
609934,hammerfallka
606868,handel-haydn_society
603661,handel-haydnsociety
606955,hanging stars
604839,hannahpeel
608542,hannes.wader
595670,hannigan_miz
599978,hans.theessink+terry.evans
608499,happy mondays
604842,harding
613371,"hargrove, roy"
607626,hariprasad_chaurasia
594895,hartford
608289,hats off gentlemen it's adequate
610267,haunted
136528,hawktail
608153,hawkwind
596766,hayley
595892,hayleyjane
608290,hb
606360,hbb
608616,hc
cc7658c26e6ebebef0649e235e35eed580006e74,healy
605722,heart
610386,heartbreakers
608282,heather findlay
602725,heaven
e65dc8500c0b1fcd5dcddaddc9bc1c9ed784f6ff,hedges
612970,helgeschneider
607290,hell'sbelles
599927,helmet
610604,helmet of gnats
604990,hempress sativa
138317,hendrix
606082,henri texier
602229,henrik.freischlader
9491c3e7c3e3fb307e41219e93ff71742468afa9,henry butler
600793,henry cow
600764,henrythreadgill
138596,herbert groenemeyer
600447,herbert joos trio
134925,herbie hancock
614227,heroes
607527,heronoblivion
596156,herring
605498,hesperion_xxi
605493,hesperionxxi
599850,hexvessel
604030,heynderickx
135938,heyocean
608408,hfot
596772,hftrr
607712,hhancockheadhunters
613203,hhg
595097,hht
136052,higgs
fc0aceb4768c16160daee0dacd4f80ed467db94e,highcountry
597058,hillbenders
610369,him
611215,hirax
614263,hirie
595477,hiroyatsukamoto
137768,hisb
595983,hissgoldenmessenger
608899,hlm
612578,hm
612328,hm+vm
613170,hmasekela
599792,hoa
603514,hol
602977,hole
596871,holiday
595680,holly
47402ec7c1be829d3c012a4c4d5af198354f30ee,holly bowling
595697,hollybowling
611997,homemadesin
597772,honey
134843,honey.island.swamp.band
612755,honeyblood
596120,honeywood
614217,honig
596692,hoodoo
613765,hookworms
600278,hooverphonic
595024,hornsby
612170,horrors
612642,horsesha
610638,howe gelb
600804,hr
596407,hs
604755,https
d65679a8dd62c4020df67f4d0ee3d7124dd181c8,hubbard
603053,hudson
612861,hugh masekela
612383,hugh masekela & larry willis
612413,hughmasekela
605161,human league
600972,husker du
605292,husker_du
600971,huskerdu
595492,hwa
604122,hwang
613622,hypnos
610159,i musici veneziani
600201,iabd
602397,iam
603525,iamthemorning
605611,ian anderson
600960,ian hunter
612057,ian moore
599795,iananderson
604758,iananderson'sjethrotull
612958,ic
607042,icecube
611586,icedearthsb
600385,icicle works
606028,icp
611666,icp orchestra
605820,icp-orchestra
606139,icporchestra
607148,idina
613324,idles
610167,idlewild
599380,iggy pop
137530,iim
610746,ij
598038,ijet
612247,ik
605754,ikue mori - mars williams
610013,im
601165,imagine dragons
601271,imarhan
610647,in love with
610855,incognitos
606115,indigenous
601296,indochine
595925,infamousstringdusters
606713,inglorious
605157,inna de yard
612540,insania
613273,instant_attraction
601570,intergalactic lovers
599778,interpol
609576,inxs
608602,iq
614202,iration
134806,irishmythen
604635,iron & wine
612837,iron maiden
600186,ironmaiden
612498,isaac gracie
595708,isb
601952,isbell
613077,isd
597595,isle
b187874076e40a916af42f3c0a8ddf510ad37901,israel_vibration
603720,itvb
597739,ivan
607535,iw
612362,izakaya-d
601755,izzy
614200,j. boog
609218,j.j. cale
136498,j.w.jones
605149,jaap blonk
594876,jab
600237,jabercrombie
607837,jack dejohnette
609609,jack&ginger
596422,jackie greene
595210,jackiegreene
614492,jackirons
596796,jackryan
607897,jackshit
612585,jackson browne
611476,jackson browne & jonthan wilson
606694,jackson browne murcia
607161,"jackson, joe"
612223,jacksonbrowne
609385,jacob collier & fat-suit
611374,jade jackson
601054,jadejackson
602456,jafw
611075,jahroots
596057,jaimoe
609119,jakob_dylan
599677,jamc
611258,james
603086,james blunt
606142,james gang
605679,james heather
607885,james hunter cazorla
607199,james intveld
601482,jamesblunt
606137,jamesgang
138431,jamesmcmurtry
595504,jamie
607976,jamiroquai
605861,jandek
607381,jane_weaver
601905,janis
612784,japandroids
599508,jaq
603928,jared james nichols
613567,jarlath henderson band
602294,jarosz
594841,jarosz-dance
612599,jarthur
596542,jason
611360,jason bonham
604134,jason falkner
606400,jason isbell
605224,jason moran
605411,jason.isbell
605408,jasonisbell
595312,jasonmraz
603427,jasper van t hof
596602,jauntee
602178,jay-z
135399,jayhawks
609200,jayne county
597608,jaystarling
601540,jbgb
609456,jbonamassamilw
609797,jbonamassawausau
135516,jbuckley
137612,jbulmer-t
604125,jc&bw
605264,jcbw
607546,jcc
600621,jcyoung
608395,jd
596926,jdb
610466,jdg
614016,jean-paul bourelly
597910,jeff
612858,jeff beck
595464,jeffaustinband
610755,jeffbeck
603127,jefferson airplane
609420,jefferson starship
600259,jeffmartin
612048,jeffrey gaines
595136,jefftweedy
603385,jellyfish
603684,jen cloher
601783,jen cloher & band
595285,jenn nas
612280,jenniferoconnor
596803,jennilyn
606070,jerry jeff walker & david bromberg
596927,jerrydouglas
611884,jesca hoop
599586,jessandtheancientones
594979,jesse
613484,jesse colin young
604790,jessemalin
605172,jessie ware
1353c6764316999ef644b8ebb1ce6816836c88bd,jessiemaehemphill
608342,jesus and mary chain
136884,jethro tull
613828,jethrotull
611510,jfk
a49ce82692db4d0d5aca35570265854e2efb68c0,jg&jk
6c565aafaa8ef413d2f57ff0761dc58fb511d4c8,jg+jk
594912,jgab
61e98d4a902a1b29bf5b6eed74c8d5b841486d36,jgarciaband
88cad8cc0cd3f031e16d416435d9deb1ab6a1d3d,jgb d
597103,jgbcb
361cb8c4a955ceee5c3f577637f8e207079cae06,jgbw
598072,jgjk
596565,jh&tiw
605356,jherring
134892,jhiatt
605626,jhiw
136700,jillbarber
596879,jim
8e26bcb508bba73c34bac0d342dec9860c17e98c,jim+jesse
595027,jimjames
136254,jimjonesrevue
596877,jimlauderdale
596170,jimmy
606871,jimmy herring
606895,jimmy herring and the invisible whip
601393,jimmy vaughan
604989,jimmy.reiter
607666,jimmyheath
605766,jimmyherring
609804,jimshaw+d'red d'warf
611962,jimsuhler&jasonelmore
608418,jimwhite
596066,jjb
595739,jjgrey
606465,jjw
595337,jkb
596674,jlg
604049,jlh
606503,jlm
611944,jlt
2b71fde4bd3e5c3b701693d7a48814727916b714,jm_tb
a2ff82d73d6969aebabeb6ac4f6924ee25ac84c7,jmb
bc88396623a8918ebdb77836d9715ead04831db5,jmf
607447,jmiw
598114,jmnd
603611,jo
612691,joan baez
602700,joan osborne
597988,joan osborne & friends
599974,joanna gruesome
597797,joannateters
599926,joanosborne
609454,joe b
609378,joe bonamassa
609442,joe bonmassa
600909,joe ely
608577,joe henry
603842,joe satriani
605577,joe walsh
606162,joe walsh and barnstorm
611859,joe-sumner
e50f3cbd61e1e5ac71c66b682dc662c38bebc5d4,joe_moss
65b5981d308e8b5c12aa9f604f5cc661525a814a,joe_walsh
610252,joebonamassa
611742,joepug
595323,john
599519,john abercrombie
599555,john cale
609273,john gorka
610076,john grant
1cb27fb8c7990f5f94ec39d14ac867410bde45f3,john lee hooker
609414,john martyn
608235,john mayall malaga
599931,john mayer
605420,john mclaughlin
606820,john mclaughlin and jimmy herring
604058,john moreland
601819,john prine
722cce9a36c1968ca7892ae4667b4fab9d3d660e,john_mayall
602825,johnabercrombieqt
595929,johnbutlertrio
135554,johncale
bc64de1e5c7e8950ba48a1e9b934653993f478a7,johnfogerty
595153,johnfullbright
611914,johnhiatt
605869,johnhiatt_lylelovett
595349,johnkband
612760,johnmaus
599929,johnmayall
596615,johnmayer
606700,johnmclaughlin
606832,johnmclaughlin-cranston
599530,johnmoreland
610464,johnny cash
04f8956a91c2fe00e7dda686a0ba4154c191bf46,johnny clegg
607587,johnny mathis
611703,johnny thunder
609201,johnny thunders
134964,johnprimer
135872,johnstonstephensbladesamendola
605735,johnstubblefield
613907,jonathan edwards
611477,jonathan wilson
608030,jonathan.wilson
136257,jonnylang
611572,jonthan wilson
609386,jools
606105,jordi_savall
612083,josarthur
596563,joseph
613314,joseph_arthur
596837,josh
596851,joshphillips
135309,joshuaredmanzakirhussain
610937,journey
596423,jpbiondo_chriskearney
595070,jrad
601040,jredman
602709,jrk
613855,jrwb
610693,jsbx
609332,jt hhring
612986,jte
612989,jtearle
601523,judas priest
694f322c50be98b9a9c312922796250f2d0a927e,judymowatt
611183,juicy lucy
601083,julia kadel trio
599877,juliedoiron
135974,julytalk
600616,juniorwells
611877,jupiter okwess
596419,justin
604526,justin townes earle
612307,justinhayward
612255,justintownesearle
168137c83b8058220dccab921e1268fa147c6360,jv
136881,jwjones
610379,jwroy
600975,k
134996,k-ink iv
612634,k.flay
602240,kabaka pyramid
614107,kaceymusgraves
609289,kadavar
609299,kalamahara
606403,kalamata
603078,kaleo
614389,kalle
8b38a2fc7620318fa633a017c0bcd654d28b6866,kamasiwashington
596209,kandace
607854,karine polwart
600727,karl blau
605035,kaseychambers
605050,kaushiki chakrabarty
99ce38ee3f2602263c87d27a488011f2b5bfd8c1,kc
601192,kclarkson
595149,kdgb
595173,kebbi&friends
600495,kedwards
597130,keels
596678,keith
612866,keith jarrett
602588,keith richards
609564,kellywillis
606156,kennedys
137353,kenny wayne shepherd
134854,kennywayne
42153a035381ed2f881f68e869817c8ebb29fd22,kentuckycolonels
e133ba48a4dbd79c37b8ba0341c4c792f6664d24,kentuckycols
606427,kesha
597279,kevnk
594923,khb
609039,killer country
601690,killers
604601,kim fowley
599943,kimrichey
596943,king
611950,king buffalo
609354,king diamonds - live chile
609909,kingbuffalo
136804,"kinison, sam"
605803,kinks
612845,kinkscwpostny
612629,kirk vanguard
138112,kiss
613011,kit downes
607908,kite base
138074,kneedelus
614244,kochlea
137827,koko taylor
8e9df5d10930571a710de769f145f4843b0f8495,koko_taylor
0b3b42c74969100b868537e94fe0635e525dd972,kool-aid
611391,korekyojinn
608853,kot
602123,kperry
603569,kraftwerk
595310,krasno
614051,kravitz
614337,kreator
601073,krissy.matthews
603650,kristofferson
596517,krushfaktory
5431e0d883cc26302a073b99c6b139812af08e04,ksan
601447,kumbia queers
595289,kungfu
597588,kurt
601429,kurt edelhagen
607455,kvb
608045,kwashington
596600,kwnfriends
594955,kylehollingsworthband
603526,kyros
599294,l
611252,l subramaniam
611207,l'enfance rouga
608085,la
606909,lacunacoilaburg
600805,ladygaga
135713,lake
613904,lakeland
599510,lamb of god
599900,lambchop
614088,lana del rey
610877,lancelopez
595587,langhorne
611474,laraaji
605118,larry_teresa
597802,larryandteresa
612317,larrycampbell
596335,larrymccraygroup
606789,lasse marhaug
607459,last in line
594922,launchpad
600715,laura jurd dinosaur
608028,laura oakes
609937,laura_nyro
601591,laurie anderson
603505,laurie lewis
608601,lazuli
d4b03bb2a0bf49df036190ecf76b6fa6c3b2819a,lcb
608092,lcd
604859,lcd soundsystem
605699,lct
8e4bff3f937497bf3cfc5a66d188d79d3aebf021,lctw
606190,ldk
611656,ldw
610187,le silo
612834,le_gran_detuning
611755,leaveseyes
604767,leaving trains
605155,lee
612633,lee fields & the expressions
604906,lee ranaldo
602873,lee_ranaldo
605509,leeranaldo
599849,lefly
596647,lefotversalmon
596307,leftoversalmon
611633,legend of the seagull men
601582,legendary pink dots
608613,legendaryflowerpunk
613914,lenny kaye
603316,lenny kravitz
136916,leon russell
613221,leonard bernstein
678a209c4a0e1e67303b043ad8a9b7e956abe3de,leonardcohen
599587,leonrussell
607170,lepoemeharmonique
613713,les
595356,les brers
595542,les bres
607246,les filles de illighadad
138497,lesbrers
596732,lesbros
138751,lesdudek
601291,leslie stevens
613853,lesrallizes
595425,letsdanza
604944,lg
606209,liamgallagher
599437,life
610896,lifehouse
608968,lifesigns
604819,lightfoot
136066,lightninmalcolm
595388,likhoduo
09740d0d79f3a21c0ac995d13348a47440c706f0,lil_ed
595059,lilsmokies
613957,linda ronstadt
138356,lindenberg k
603379,lindisfarne
600854,lindley ingram
610636,lindsey
603588,link wray
612820,liquidvisions
595508,liquor
608294,lisa hannigan
606861,little.steven
611372,little_steven
597620,littlebrother
136067,littlehurricane
596285,littlesteven
597288,litz
613092,livedead
597984,livedead_riders
600236,living end
612783,liz longley
602084,lk
595471,lkexplosion
604185,lkr
608953,ll
609921,ln
607067,lo moon
601280,loaded
601277,loaded download
135284,lofs
602724,london contemp orch
600758,london grammar
594819,londonsouls
602225,lonelykamel
612717,lonelytrailer
137195,lonnie mack
601637,lonniesmith
600551,lord huron
595631,lordnelson
603693,lordsofblackaburg
602073,los coyotes blues band
611347,los hidalgos
611776,los lobos
595019,loscolognes
596395,losearly
596394,loslate
601047,loslobos
596824,lostexmaniacs
612176,lou
604011,loudon wainwright iii
612302,lovanodouglasquintet
607345,love & rockets_november
607288,love and rockets
608338,love spit love
596930,lovecanon
607909,lovely eggs
603442,low
612237,lozsotgs
599793,lp
203046d60bbfd4d2591a0d091ddcd95390d32da2,lplf
607044,lpx
607093,lr
611759,lrd
595976,lsp
603609,lss
599756,ltb
610990,luby sparks
603653,lucero
603245,lucia cadotsch
605053,luciano
136264,lucinda
600221,lucinda williams
599644,lucinda.williams
600140,lucindawilliams
613404,luigi & the wiseguys + vega & thunders
136131,lukasnelson
606925,luke bryan
606826,luna
610038,lunasa
597732,lutherdickinson
610502,lw
595427,lydia
607616,lydia_lunch
176978c58a7c2a54d2342ebca480a06cfa2b0cc1,lydiaharrell
602499,lyle
138686,lynnemoorer
135642,lynryrd skynyrd
612889,lynskynlaf
605212,lynyrd skynyrd
594864,lyricsborn
611808,lz
612097,lz_cd
602254,m etheridge
605574,maceo parker
608035,maceoparker
611663,machine head
608208,macula dog
604583,madison.violet
135045,madstolling
608292,magenta
100614aba5f91e6f4adc54beeeebdd3b2594e490,magicband
596482,magicbeans
603234,magma
606429,magnum
594845,magpie
606699,magpie salute
595150,magpiesalute
605382,mahavishnu
600202,mahavishnu orchestra
603003,mahmoudtawor
612087,maidenunited
607903,malinky
136788,man
601889,manassas
606538,mandog
137526,mandolinorange
609917,maneskjold
610257,manicstreetpreachers
609772,mannycharltonband
612544,manthor
135122,mantler
612753,maps&atlases
596206,maradeen
612537,marcia griffiths with sly & robbie
595594,marcu
596810,marcusearly
597141,marcusking
596826,marcuslate
596822,marcusmiddle
596746,margo
94d84f4bd96af4ae8f9a351eac0075ef26617498,maria_muldar
605291,marianne.faithfull
136709,mariaschneider
606630,marillion
601666,marilyn mazurs shamania
605074,marilynmanson
614491,marisaanderson
604838,mark geary
612611,mark lanegan band
612532,markknopfler
609186,marklanegan
596638,marksbrothers
606058,markstuart
020bd328216556541aed73ea59a7ba9bf36f289f,marley
602173,marley bros
613970,marley family & others
602384,marlon williams
604600,marque
612308,marqueur
136035,marshallanger
137556,martasanchez
601345,martha wainwright
596358,martin
600314,martin barre
600374,martin barre band
601737,martin mull
138720,martinbarre
135967,martinsimpson
610045,martyn joseph
595507,martystuart
e3789673013818731f0f87c85ab2dc2bcf67e874,marvin gaye
31e6755821ebd52cdb6546c25fd41a799728518c,marvin gaye - aint nothing like the real thing - mono mixdown
604604,mary epworth
609136,mary gautier
612275,masekela
c3d682040f65285831148b1e9e56242bc4531528,maserati
610263,mastersofreality
597587,mat
596798,matadorsoulsounds
606458,material
600430,mats gustafsson
597603,matt
137621,mattandersen
609482,matthaimovitz
602801,matthew sweet
137869,mattschofield
601725,mavericks
608128,mavis
604723,mavis staples
600992,mavisstaples
599469,max-webster-rush
601830,max_webster
595573,may
603826,mayanfemme
603429,mayhem
607505,mazzy star
596865,mbb
595343,mbg
604726,mbv
595146,mccourys
610624,mccoy tyner
608589,"mcilwaine, ellen"
608207,"mckee, maria"
607027,mdoughty
599538,me + marie
604560,meaghan burke & the burkettes
135544,meat_puppets
610845,meena
610909,megadeth
b09d4a0031ba66acd37da55c8429df9ea35cc87e,melbourne
135137,melfordscheinman
601310,melissaetheridge
135669,mellencamp
607393,melones
612959,melt dunes
597804,melvinjgb
604710,melvins
595920,melvinseals
596096,mermaid
614476,meshuggah
605710,messer chups
135085,metallica
137839,meters
609927,"metheny, pat"
605078,metopera
603370,metz
609986,mezzoforte
607181,mf+s
609232,mfl boef & lil kleine
138673,mfp
595376,mgb
600967,mgibbs
595676,mgordon
609133,mh+pd
607053,mia
611473,mia doi todd
601157,michael mikolaschek
609690,michaelchapman
fcd7303df50fc7c2ddcc9e1e2855957f00d8d6b7,michaelhedges
138708,michaelnesmith
599584,michel godard
601466,mick flannery
137887,mick taylor
614014,mick.taylor
607030,middlekids
599597,midnight oil
595442,midnightnorth
608595,midnightoil
609397,midnightsteamer
613490,midtown social
596890,mightyfergusons
596607,mike
595543,mike gordon
600738,mike heron & trembling bells
599747,mike oldfield
01fdb0e85018bba0d8d175d6f0662f691de37a7b,mike stern
599230,mike westbrook
596756,mikedillon
bac5d554739eba0aa5fe5977f9f7589485d25156,mikeeffenberger
596373,mikegordon
606856,mikekeneallyprogday
595336,mikemiz
603160,mileselectricband
601705,miley cyrus
604822,minamideutsch
601441,ministry
610211,miriodor
611375,mirthkon
602666,misfits
595803,missmojo
595703,misstess
609777,mister please
596224,misterf
612735,"mitchell, joni"
609993,mix tape vol
595994,miz
609211,mjhurt
595016,mkb
608980,mlb
612274,mm
138131,mms
7bc0599308079c12aea14e01404b2d4ff90e66f0,mmw+soulbop
611387,mo_frau
599679,moaningcities
606506,moby grape
595360,moequeous
600048,moester
597730,mofro
614533,mohammedshampat
597484,mojodaddy
609263,mondosample
600915,monroe
600913,monster magnet
600558,monstermagnet
599442,montemontgomery
608138,montreal
596288,moody
605259,moody blues
605231,moody-blues
611945,moodyblues
605198,moodybluesoct
135219,moondance
606124,moonduo
613971,moonspell
609985,morbosidad
595537,morning jacket
595907,morphine
602324,morrissey
596226,mosier
138177,motley crue
609302,motorhead
601309,motorpsycho
608183,mott the hoople
605880,mount eerie
602846,mount kimbie
607871,mount_hush
614126,mow
607763,moz
610124,mr fox
607291,mratvdsgmfgathmd
607388,mrbig
138769,mrsun
613045,mry
08808189acaea5823617597345865791cc947259,ms_jgb
601919,mschenker tor
1c615f11a32bb51d83e3a3e0ccb7fcef873959c0,msmw
605592,mtb
596598,mtnride
600748,mturner
602383,mudcrutch
595991,muddy
609210,muddy waters
595704,muddymagnolias
602608,mudhoney track
605331,mudmorganfield
604955,muhal richard abrams - rufus reid
611514,mulatuastatke
135583,mumforandsons
597960,mumfordandsons
609270,muse
610177,mushroomhead
599242,mwestbrook
600119,mylifestory
606561,myrathkã¶ln
607490,myrathmuenchen
605889,mysteryverviers
605868,mysteryzoetermeer
599991,n
606628,naam
603582,nadasurf
614524,naeebkhogali
600347,nakedcity
597033,nakedfunkproject
603017,nas
613462,nashvillepussy
596516,nate
596221,nateanddan
607284,nathanielrateliff&thenightsweats
602020,national
595154,naughtyprofessor
611692,naxatras
606732,nazcaspacefox
614165,nbb
602507,nc
605812,ncbs
612098,neil young
612150,neildiamond
596655,neilyoung
605338,nels cline
608583,nels cline larry ochs gerald cleaver trio
614395,neu
608367,nevermore
607980,neville
6b9672b908e353fa227fff383bcaf9468ba4c699,nevilles
598113,new
613139,new kingston
597880,new mastersounds
602735,new model army
602834,new order
609881,new trolls
612593,new york dolls
597591,newmast
595086,neworleanssuspects
601789,nfak_leone_xiii
606612,ng
138513,ngr
596717,nichole
595589,nick
603973,nick cave
608766,nick hakim
602097,nick_cave
66df876c027f3ed686f1c52ca90451e810828431,nick_moss
604017,nickcave
603940,nicklowe
599541,nico
612792,nicoleatkins
595406,night thunas
606702,nighthawks
596685,niks
600843,nils petter molvã¦r
601077,nin
599796,nina hagen
605440,nirmala rajasekar
cdfd4b997cb0b3dc502e80859b45832cb965c677,nirvana
607146,nkotb
595671,nma
596254,nmb
611033,nmckay
601577,nmh
599925,nmo
607724,nno
602401,no
609755,no man's land
608049,nocentelli
613885,noelgallagher
595331,nos
602868,nothing but thieves
601199,nova mob
596719,npc
613201,npg
610173,nr
138685,nrbq
608830,ns
609974,nt
594994,nthpower
611313,nuclearassault
611390,nullstellensatz
601695,nuno bettencourt
607929,ny
601508,ny salsa all stars
607538,ny_sf
610019,nyd
611568,nyphil
610011,nyro
600492,oasis
602660,obrienscott
610175,obsessed
614055,ocher
608559,ohmphrey
613096,olakvernbergsteamdome
600534,old
135897,oldcrowmedicineshow
613709,olelukkoye
609129,olibrown
602624,olivianewtonjohn
604804,olp
614415,olympus ls
614377,omd razzmatazz
609132,omni
613920,operationmindcrime
614060,opeth
601467,orango
608037,orcchampselysees
603664,ordenoganlangen
602634,oren ambarchi
605196,orkesta mendoza
608608,orphanedland
605769,ost
613838,osvaldo golijov azul
606294,otava yo
596142,oteil & friends
596208,oteil burbridge & friends
596246,oteil_friends
594957,oteilburbridgeandfriends
596068,otf
595135,otherones
597427,otiel&friends
136434,otielandfriends
136885,otis rush
609331,otomoyoshihide
612339,oubisample
610092,our lady peace
611226,out_lines
614394,outlines
606650,oysterband
602203,oznoy
613195,ozric
613437,ozric tentacles
601920,ozrictentacles
611333,ozzy osbourne
613810,ozzyosbourne
603504,p
607994,p funk all stars
608562,"p,g"
606774,paavo jaervi
596223,pacific
613144,pacific roots
134727,page & plant
134847,page&plant
607958,pageplant
595522,pandf
611410,panzerpappa
595391,papadosio
603612,papir
595419,pappy
596643,pappyandcaleb
599518,parkermillsap
601993,parsonsfield
601101,part
dba2d48ba92cbc26f0ac4fe8e19cfde71b10a914,part one
614127,pascal comelade
610449,passage
613786,pat  metheny
601278,pat benatar
610123,patrick street - salisbury
596797,pattersonearly
595455,pattersonhood
596804,pattersonlate
600731,patti
608626,patti smith
136375,pattygriffin
595751,paul
607729,paul lewis
610056,paul mccartney
612448,paul mckenna band
614550,paul motian trio
600269,paul rodgers
601116,paul weller
607144,paula
610051,paula cole
603419,paulanka
606808,paulkelly
601405,paulmccartney
c723fe96346ee6889e3bc258b2c825ceb701cd12,paulsimon
594875,pbq
613228,pch
599553,pe
594827,peach
595540,peach tribute
598141,peak
137505,pearl jam
135973,pegiyoung
608858,pendragonob
604724,pendragonrheim
608576,pere ubu
138371,perfumegenius
603093,permanent_tour
138452,pete townshend
599516,peter brã¶tzmann
607055,peter evans
601706,peter hammill
605299,peter perrett
134846,peter rowan
136621,peter rowan and friends
611486,petergreen
135750,peterrowan
594977,petes
601680,petit fantã´me
d0cb205865aa9b0f031c791e4458fa599835757f,petty
135627,petty frankfurt
135626,pettyessen
609106,petula clark
601062,pfefd
596072,pfunk
613751,pgmg
596418,phandg
609437,phantogram
605981,phantom
611408,pharmakon
600783,pharoah sanders
605641,phil beer
594936,phil.moe
610906,phil_rudd
136432,philandfriends
595177,philbob
594988,phillesh
595179,phjb
603752,phoebe bridgers
596931,phoebehunt
595614,pickinonween
603286,pierrebensusan
135416,pietabrown
667c4899cb1c81dc33c125d015e7619e349178d6,pigpen
614502,pinehillhaints
613056,pinetopperkins
601671,pink
612380,pink floyd
136458,pink floyd - disc
5cef91d061444f0999d0995e0aa05918b88e2ad3,pinkfloyd
601173,pinkshinyultrablast
605825,pipers
136290,piste
601020,pixies
604139,pixies-manchester castlefield arena
604836,pj harvey
600025,pj harvey poble espanyol de barcelona
599650,pj_harvey
611055,pl
602107,place_to_bury_strangers
603420,placebo
601623,placebo - glasgow
606447,plan b
607438,"plant, robert"
614208,plantman
597675,playa
594976,plf.weir.tarrapin
597551,plq
606900,pltfb
103d4597ccd362f5ebe46e5e56e2960b476068f5,pltxfb
603877,pogues
601596,pokeylafarge
600617,police
598168,polyvamp
138184,popachubby
595473,popper&friends
601855,poptone
600696,por
612511,porches
606278,potter
607716,"potter, taborn, harland trio"
595839,poverty
614416,powderforpigeons
610071,powerwolfka
595725,pppp
138531,pr early
137924,pr+jd
137116,pr-jd
611420,present
599393,preservation hall jazz band
612520,pretenders
607957,pretty lightning
607533,prettylightning
4b49a09910cf58a784d0758b7adbb1d890eaad3f,prettythings
609269,pretzel logic
596858,price
599274,prime movers
604655,primus
606920,procol harum
605797,procolharum
613406,professorlouie
612350,protokaw-track
608240,prrpgs
599534,ps
603424,psb
596480,pso
600573,psychedelic furs
600566,psychedelic furs - doncaster rotters
595359,ptbg
595418,ptf
595747,ptfsms
138271,puhdys
603207,pullen
608305,purple haze
610764,pw
608875,qalmuenchen
135937,qango
602575,qcnh
00c39f2abba4e554b89a35d489c77b4a1a9fe620,qms
604665,qntal
601749,qotsa
601188,queen
600765,queen + adam lambert
599846,queens of the stone age
602533,quicksand
135942,quinnsullivan
599837,quireboys
606151,r.gallagher
611638,r.palmer
608383,rack
613968,radio moscow
609796,radio_ad
600413,radiohead
613972,radiomoscow
603760,radiophonic workshop
606270,rae morris
603817,rafael_orozco
609741,rag n bone man
612515,rag'n'bone man
610933,ragespeyer
594849,railroadearth
607883,rain parade
596872,ralph
136384,ralph mctell
611125,ralphcarney
596876,ralphroddenbery
613718,rammstein
609540,ramones
596660,randall
601112,randynewman
600839,ratm
609699,ratt
601768,raulmalo
607270,rav
609475,ravi.may
609471,ravishankar
609167,ray.bonneville
20e52bde6f9dc5e2d76fa1d4ccad8b6cdb0d8326,raycharles
136635,rc
b5a4edb73edde82d32ffb13c63f54fd96c85c1e0,rc+dl
607355,rcoltrane
596845,rebel
614261,rebelution
600736,redd kross
607773,redsun
609093,"reed, lou"
613611,regina carter
599407,reginaspektor
609040,reignwolf
609283,reingoldbartoshreichenbach
606764,rem
136056,remember shakti
138243,renaissance
137837,renzijohnstonshulmanvogler
610919,replacements
612752,reptilian
614381,residents
136567,revco
596852,revivalists
610949,revolution
603209,revpeyton
594844,revtor
607185,rflack
602368,rh
603572,rhapsodyoffirelangen
612496,rhavens
599971,rhcp
138451,rhettmiller
596321,rhythminc
595657,richard
613275,richard hawley
600537,richard hell
610754,richard lloyd
603644,richard thompson
604160,richard_thompson
612126,richardshindellb
603268,richardthompson
608615,richie_havens
607456,richiehavens
597626,richiestearns
595517,richrobinson
595693,ricky
607440,ricky ross
137582,ringo starr
605589,ringostarr
597594,rio
137371,rioma
609638,rita ora
138313,ritchiefuray
601250,ritenour
613233,"ritenour, lee"
595280,riverbend
603432,rjg & the enid
606940,rkirk
595495,rks
613965,rm
595749,rmb
596357,roanoke
576f4c5f7d47ddc835550bc04a4263ad3b4d394d,robbenford
605907,robbiefulks
602132,robert cray
601745,robert forster
603571,robert plant
136167,robert randoph & family
613090,robert robertson
604820,robertcray
601444,robertfinley
d7a91161700ab214719db2b73698f04381297f77,roberthunter
608060,robertplant
135191,robreich
606133,robyn hitchcock
608193,rod stewart
609113,rodolphe burger
611412,rodolphe burger + james blood ulmer
604957,roger mcguinn
602367,roger waters
136030,rogerhodgson
601145,rogerwaters
604662,roky erickson
600905,rolling stones
603037,rollingstones
601815,rollins band
610882,romeo voida
607389,ronnieearl
596724,roos
609899,roots
603770,rootsfriends
595000,rorey
606422,rory
613113,roryg
599341,rose hill drive
612409,roseannecash
596857,rossjames
137978,rowan
611439,roy harper
603874,roy harper jimmy page
601903,royal blood
605988,royal string quartet
605081,royalblood
610303,rp
598111,rrdh
603331,rt band
604548,rtband
136057,rtf
614249,rthompson & musicians of globe
608199,rtj
611828,rtrower
600900,ru
613297,rubythehatchet
600726,rufus wainwright
614525,runshort
599372,rush
135670,rushffm
613601,russian songs chorus
597293,russliquidtest
596743,russo
595392,rusted root
606883,ry
607898,ry cooder & nick lowe
611376,ryley
612160,ryleywalker
603290,s
606435,s&a
605309,s&g
596604,sabertooth
605632,sabrina carpenter
603052,sacred reich
604865,saga
609677,sagareichenbach
607667,saint_vitus
595129,sally
606379,sallybarker&vickigenfan
614271,sam carter
601159,sam outlaw
602257,sam smith
613985,samanthacrain
601984,samanthafish
612872,sambaker
596388,sambush
596894,samfish
602544,samlamammasmannaprogday
607168,sample
605398,"sample, joe"
612909,samsarabluesexperiment
612589,san fermin
599631,santana
612217,sarawatkins
603918,saxon
595928,sbb
594905,sbush
601096,scatterwound
611424,scene
603172,schizophonics
611103,school
610183,"schroeter,breitfelder&willisohn"
596895,sci-disc
607951,scorpions
594832,scott
602167,scrawl
601662,script
611049,seagulls
138663,seanchambers
604721,sebastianbach
612252,second nature
602412,secret chiefs
613260,secret_empire
595775,secretchiefs
606335,security project
607550,seeger+guthrie
599220,segment
604502,selecter
606329,selwynbirchwood
600659,semisonic
611813,sendelica
611406,senogul
595981,serenegreen
614228,serenity
600743,set
610277,seth lakeman
608169,sethlakeman
611051,setzer
605083,seun kuti
613384,sevdaliza
602348,severedheads_coldwaves
600120,sfas
600397,sfjazz
13472d7cab7843d4c09b260a9c00bff1d9371dbc,sfjazz collective
136500,sfjazzcollective
609070,sh
605474,shabaka hutchings
608730,shamanelephant
594964,shane
600590,shannonmcnally
595992,shaw
135218,shawn.holt
605116,shawncolvin
605467,shawnsmith
602917,shelagh mcdonald
601257,shelby lynne
614352,shelbylynne
602874,shellac
595718,sherrijackson
137256,shimabukuro
605464,shins
599467,shinyribs
609418,shirley & dolly collins
599848,shirleyholmes-kassel
137983,shoeboxorchestra
596932,shooktwins
597577,shooter_jennings
612516,shovels & rope
600856,shovels and rope
595664,shovels&rope
137488,shovelsandrope
608094,sick puppies
605340,siegel-schwall band
611198,siegeseven
608990,siena root
595601,sierrahull
610508,sigurros
610734,sigurrã³s
600601,silent circle
611582,silos
606898,silverchair
608096,simo
605794,simon phillips protocol iv
613099,simple minds
609446,siouxsie_roxy
137069,sisters
614125,sivu
608065,sixx am
136118,size
606958,sj
7df6db3b5eb9cd6444a5aa576159cc7cf26dc169,sjdk
610191,sjk+bk
601947,skatalites
595387,skdlm
605174,skeletal family
602736,skids
600129,skinny girl diet
599744,skinny lister
610756,skullflower
603903,slade
605822,slaid
603607,slaidcleaves
610729,slapp happy
601338,slash
599459,slayer
604806,sleafordmods
610662,sleater kinney
604787,sleeper
136282,sleepysun
600074,slo burn
600507,slotface
609880,slow.runner
602235,slowdive
137426,sly & family stone
611654,small faces
614386,smith
607944,"smith, patti"
137115,smithereens
610995,smiths
138386,smj
607947,smokinjoekubek
594865,smoorerwalterskerik
595714,smsptf
613513,snapped ankles
598055,snarky
608500,snarky puppy
609390,soester gloria
611402,soft machine legacy
d5ff1202dcb8dfe369a63d1f606ab184effd5850,softmachine
609644,soh
607048,solange
599701,solstice
614214,son of the velvet rat
137255,son seals
613488,songsofbarlow
608852,sonic dawn
613731,sonics
595746,sonlittle
599886,sonnylandreth
612467,sons of champlin
605060,sons.of.bill
606170,sophie morgan
598163,sophistafunk
136920,sopwith camel
608053,soraia
600063,sos
600174,sosf
601924,soul asylum
600257,soulasylum
595025,soulemonde
609733,soulfly
596836,soulmonde
602799,sound
600280,soundgarden
600879,southern blood
595549,southernave
597461,southernbelles
136718,southside.johnny
604108,sp
595460,space
610029,space ritual
601023,spacehog
606408,spaceman spiff
612638,spafford
9c70407d973c9bf7cf14b7bd36ff7ddce13003c2,spampinatos
612748,sparrowquartet
612661,spidergawd
610472,spirit
607106,spirit_of_baseball
603977,spiritualized
595772,splitliprayfield
605554,sponge
608298,spook school
894ccb1d531137f35e72da44b2bee86b9f74d1a4,spps
34c42d1775e60d08b323be7787a14218cd72c0e7,spps-tutr
610438,springsteen
603980,spz
605788,sq
607570,squeeze
600813,sra
612545,srh
607536,srstl
599722,srv
603618,ssj
607054,ssundfã¸r
604793,st vincent
606106,st-too
611925,stacey earle
596847,stacia
600657,stanleyclarke
609328,stars
596869,stash
595151,statesboro
596328,stedeschi
611841,steel pulse
606546,steeleyespan
136307,steelwheels
134988,steely dan
134980,steelydan
596634,stephen
611099,steppenwolf
608867,stereolab
599255,stereophonics
598086,stereos
596289,steve
603692,steve earle
599400,steve gunn
603672,steve hackett
609175,steve hillage
600276,steve miller band
600502,steve winwood
607162,steveearle
595710,stevewindwood
602665,stevewinwood
603284,stevie ray vaughan
599699,steviewonder
611977,stianwesterhusv
614278,stick figure
600594,stick_men
596198,stickley
602472,stiffwoodies
596708,stig
601590,sting
614102,stlukes
608311,stp
595805,strandofoaks
603643,strawbs
596966,straybirds
596325,stringdusters
595726,sts
603347,stu larsen
602332,sturgillsimpson
604547,stvitus
137453,stwbruceprichard
609190,style council
603182,styx
138713,sublime
608515,submasq
611588,subsonic_eye
612891,substance
600530,suede
607697,sugar
600663,sugarfoot
602037,sugarray
606303,sumofr
613652,sundays
611494,sundays & cybele
609401,sundays&cybele
596222,sunjones
596428,sunliner
612696,sunny war
612725,sunnydayinglasgow
600807,supersilent
610272,supersuckers
138195,susan tedeschi
612131,susanwerner
595454,susto
602503,suzannevega
604964,sv
1153e1e014bd9d36efb2be368ff2f96bdd5f376d,sv demos
136683,sve
601301,swans
600947,swinwood
600076,switchfoot
138788,swonder
601103,syl
605121,systema solar
610644,tabache
605900,tabbenoit
599476,tadream
602618,tajmo
600285,tajmo albany
607932,takacs.ohlsson
604123,take me to the river  harris center
608703,takuya kuroda
612522,talking heads
134876,talkingdreads
604795,talkingheads
136068,talwilkenfeld
605692,tamikrest
137470,tampa
605170,tangekanic
602772,tangerine dream
595018,tauk
595357,taz
604927,tba
612682,tbc
595811,tbp
600183,tbt
601537,tcv
609941,tea party
601086,teardrop explodes
602805,tearsofsilver
600520,teb
600829,teenage fanclub
599470,teganandsara
614050,teil
611031,teishi
596967,telesma
609240,television
602149,temperance
612590,temples
611422,ten years after
602210,terenceblanchard
612786,terje rypdal
599915,terjerypdal
614104,ternheim
600855,terry reid
602517,tesla
607561,testament
607105,texas
607225,texasgentlemen
597431,tgfs
e0b9f3d1e7b57782c702591ed2b3b27af56448c8,thankgodforscience
132ef0661765939cc5e207984e5188db66f33809,thanks
596116,thardy
605675,thastrom
609262,the
599421,the amazons
611496,the animen
135385,the bad plus
606302,the band
607313,the blow
603739,the breeders
602916,the church
612230,the commodores
603384,the courtneys
611577,the cranberries
4778be47f25c05db9995631aee2f5c77cb0dff4e,the cult
605511,the cure
613093,the damned
613306,the devil makes three
602425,the districts
603971,the dove and the wolf
613164,the fall
613760,the flesh eaters
612662,the grays
614276,the green
609727,the hardy rocks
613141,the late ones
612233,the liberators
595223,the london souls
595176,the magpie salute
597063,the marcus king band
606952,the mission
610631,the monkeywrench
614191,the movement
604749,the national
614545,the nefilim
610875,the pack
611783,the pixies
604614,the police
595369,the record co
608368,the residents
601999,the rolling stones
612648,the shelters
603716,the sons of soul revivers
603076,the soul shakers
611168,the spectrum
137424,the tipitina's interns
601418,the treasure of love
607677,the twinkle brothers
600026,the wailers
136126,the war on drugs
606171,the waterboys
601665,the xx
605385,the-dream-syndicate
604091,the-hellacopters
603844,the.dream.syndicate
603317,the.good.lovelies
609770,the.schramms
612173,the.war.on.drugs
608992,the_bayou
600578,the_iguanas
600559,the_ordinaires
611843,the_pixies
138514,the_who
608900,theanswer
596274,thebitter
596284,theblack
614357,thebrainsurgeons
596067,thebreeze
595768,thebuilding
608188,thecadillacthree
596718,thecasa
602154,thechurch
606227,theclash
597731,thecleaners
595789,thecommonheart
610587,thecosmicdead
d9d54b168e3a1e4afce1d3f422577170e2423c92,thecountryboys
595224,thedead
613322,thedirtbombs
603553,thedreamsyndicate
611691,theend
602863,theessink
612340,thefall
599388,thefixx
606686,theflyingeyes
606381,theghostwolves
613815,thegreatescape
605800,thegwcbcwin
603660,theharveysteelshow
597417,theherman
52ee21a6bbe2daec2890199496390a485c3520d2,thehiggs
596853,thekrickets
600723,thelas
594984,thelocksmiths
605924,themachine
594878,themagpie
594883,themagpiesalute
596420,themasari
600852,themasonics
595544,themedicinalpurpose
596677,themis
596829,themosierbrothers
611448,themotet
601791,themuffinsprogday
604854,themysterylights
597061,theorganics
fb15626c5d4c02b9d74b173c99d18d5da5a7a403,thepersuasions
612125,thepietasters
610692,thepolice
610355,theramones
604685,therapy
594834,therecord
603049,therecordcompany
602836,therevivalists
137404,therevolution
607457,thesadies
613517,thesonics
595182,thesoulshine
597421,thesweet
605835,theteaparty
609217,thethe
594937,thetruth
610832,theundergroundrailroadprogday
601407,thevervepipe
595849,thewailers
595715,thewar
595716,thewarondrugs
607376,thewaterboys
603476,theweight
613819,thewell
612994,they might be giants
596959,theyoungers
600823,thin lizzy
612562,thin white rope
601969,thinkingplagueprogday
601668,thirty seconds to mars
604498,this is the kit
613480,thorogood
613617,"thoroughgood, george"
607723,thresholdaburg
135593,thunders lloyd stones jam
611430,tift merrit
605409,tift.merritt
605443,tiftmerritt
603652,tim o'brien
601499,timeaston
605714,timmontana
135835,timo'brien
614281,tinsley ellis
613071,tjkirk
610670,tmbg
613086,tmbtf
135060,tmde
595395,tmkb
594812,tmp
603898,tmttrl
604188,toadies
daf39380ea437f116cfc700b0ccaaf05af4f1a6e,tob
610904,tobias hoffmann trio
609642,toddla
596225,toddsheaffer
608931,toefat
136662,tokyo
613951,tolvan big band
606449,tom chaplin
609634,tom grennan
603022,tom petty
5ce70980fa21576af378a2f22817c52e7822cf8a,tom petty & mudcrutch
603401,tom petty & the heartbreakers
602556,tom petty and the heartbreakers
608086,tom tones on tail
602519,tom.petty
d299684bc40be2ffd6536ed7645714bd6c30f16b,tom_petty
136374,tomcochrane
606972,tommy keene
596905,tommycastro
57abb71dbe8ecbf97ed737dfe5a5084e90bdb514,tompaxton
602541,tompetty
605433,tony visconti & woody woodmansey's holy holy barts
607675,toots & the maytals
602269,toots and the maytals
610047,tord gustavsen
603338,tori
605979,tori amos
134819,toronto
603962,torres
608967,touchstone
609837,"toure,vieux farka"
610420,townes
610505,townes van zandt
610479,townes_van_zandt
610506,townesvanzandt
597607,townmountain
611287,toxicholocaust
604611,tp&hb
136332,tp-bc
602345,tpetty
1be92f7d754a45ab0bfde27be61567f8bf7c0958,tph
608317,tphb
604550,tqa
607449,traa
608042,traccia
607442,trace elements
606601,traffic
606563,traffrichva
606562,traffwint
603704,tragicallyhip
601107,trail of dead
610233,trans-aeolian transmission
613781,transatlanticsessions
596426,travelinmccourys
596769,travers
612905,trevorgordonhall
1f8cc1be196457971c009825b32c8755176ed35d,trevorhall
600980,trewes
598092,trey anastasio
596118,treyanastasio
614273,tribal seeds
597101,tribute
603721,tricky
609072,triggerfinger
607354,triobeyond
612222,trivium
608313,trm
606588,trombone shorty
613415,trower
613654,trp
611102,trust
613354,tsb
597210,tsnider
611061,tsnke
609511,tsol
595278,tsw
596863,tt
607418,ttb
597653,ttd
603690,tth
605560,ttp
606629,tuber
601822,tubes
604832,tubularbrass
612731,turbofruits
599268,turbonegro
602960,turin brakes
614231,turin breaks and martha ffion
613257,turn_the_pages
606158,turningpoint
610991,tuts
601166,tuxedomoon
610414,tvz
601858,tw
600464,twatts
595604,twdw
601217,twdy
595979,tweed
597892,tweedy
597701,twin criminal
605956,twink
612721,twinpeaks
136761,twisted sister
137965,twisted_sister
601761,twod
612369,twr
599682,tyg
597622,tyler
599633,tylerchilders
599802,type o negative
605056,tyshawn sorey
599303,u2
612418,ub
610699,uc
602822,ufo
605876,ufomammut
608519,uk subs
609901,uksubs
611330,ulan bator
609317,ulijonroth
595355,umphreys mcgee
608120,unbenannt
596158,uncle tupelo
612188,uncured
611427,univers zero
608379,unthanks homecoming
609293,up-tight
610583,upf
603500,uriah heep
606081,uriahheep
599724,ut
596108,uun
599395,v_femmes
41035cae5c162cf370dd2be9ae79f80e4e7b0109,vaboys
601113,"vai, steve"
31939330e658e5cb1dfb721183d6e6ddaa1160df,valentines
604027,van halen
604933,van morrison
612343,van william
610536,"van zandt, townes"
613701,vance joy
608870,vanden plas set
605828,vanmorrison
597403,vapors
600708,vbps
597625,vdead
608490,vega
599696,veils
608225,vertix
611389,vh
595002,vhf
605192,vic godard
595908,vicchesnutt
138046,vijayiyersextet
137997,vijayiyertrio
613108,vincent gallo
609222,vines
599776,vintage trouble
599374,vintagecaravan
600212,violentfemmes
607129,virgin marys
607133,virginmarys
614139,visionsofatlantis
595784,viva
604764,vm
609215,voc
599858,volbeat
595634,vom
595034,voodoo
597078,voodooaffect
612163,vp
607893,vs
fa94e23bdf34ce78c9117b37ed76faafd0ab52ce,vsop iii
606044,vuurkã¶ln
607485,vuurmuenchen
595309,vv
613030,w on
137429,w shorter
602019,wa
605002,wailers
603954,wakefield
612749,wale
610894,"walker, junior"
596236,walsh
612985,walter wolfman washington
600523,waltertrout
611537,war
607271,war on drugs
137417,warlocks
599367,warpaint
596755,warren
609297,warren zevon
135121,warreng
609636,washed out
610269,wasp
603537,waterboys
602236,waxahatchee
610503,wayne kramer band
600346,wayne shorter
600309,wayne shorter quartet
600441,wayneshorter
600268,wayneshorterquartet
597896,wayupsouth
606038,waywardsons
612850,wdw
604814,we
611386,we insist
137423,weather report and beyond
595974,web
614136,weber-reisch
605496,wedding present
613022,wedge
608370,weekend warriors
600920,weezer
594839,weir
608262,"weller, paul"
607948,weltraum
610931,wew
605810,wheelerwalkerjr
609838,where it's at
597774,whiskey
607805,whiskey gentry
595170,whiskeygentry
614269,white reaper
97c478d3c5649ea347376745e66d3481230668d7,whitebros
138543,whitesnake
138689,whitneyrose
599345,who
136753,whowoodstock
612646,why
610902,wight
608385,wild reeds
596891,will
605127,willaim prince
610923,williamelliottwhitmore
138385,williamtyler
610467,willie nelson
134961,willienelson
596827,williewatsonandtheevilcitystringband
598160,willstewart
608687,wings
606743,winter
604936,wintersleep
600970,wire
605513,wire train
136634,wishbone ash
612929,wishbone.ash
601454,wishbone_ash
612862,wishboneashaburg
610977,wishboneashprogday
604813,withered hand
607825,wittr
595821,wod
596430,wolf
599763,wolf alice
609843,wolfeyes
610179,wolfsbane
611451,womenandthedead
595721,wood
596053,woodbros
595096,woodbrothers
604825,woodpigeon
596790,woody
597716,woodypines
136617,wooten
603496,wr
603590,wray
606306,wretch
609276,ws
612216,wss
608985,wucan
608560,ww+nias
135231,wxrt
605404,x
608391,xanderharris
609661,xandriamuenchen
601504,xeb
596842,xmas
596750,xmasjam
600762,xrt
604761,xx
606459,y&t
603009,yaniss odua
138244,yardbirds
595127,yelow
603568,yes
600261,yes featuring anderson rabin wakeman
596787,yesdarling
602911,yesfeatarw
602004,yesfeaturingarw
606827,ylt
599757,yngwie
613789,yngwie malmsteen
137896,yngwiemalmsteen
597927,yondermountainstringband
603795,yossisassi
612058,"young, neil"
609924,yuri gagarin
606455,zakir hussain rahul sharma
605325,zakk sabbath
596870,zambigrass
596864,zambijam
603851,zbb
606434,zebra
600968,zen arcade
603563,zola jesus
612133,zoom
604826,zpz
603273,zulus
597972,zydefunk
5f77a86977f592c4e541000c11e8b4c6f3d9789c,zz top
599523,zztop
138252,zztopma
606074,zzz akg ck
