band_abbrev_old,band_abbrev
*gd,gd
#NAME?,notband
#NAME?,notband
_slash_high voltage,slash
a,
a certain ratio,
a flock of seagulls,
a perfect circle,
a side,
a-beez,
a-to have and to have not,
a_christmas_celtic_sojourn,
aaronleetasjan,
ab,
abc,
abdullah ibrahim and ekaya zuerich,
abigail washburn and bela fleck,
ac,
ac-dc_nov,
ac-disc,
ac_dc,
accept,
acceptsb,
acdc,
acdcamsterdam,
ace frehley,
acefrehley,
achinghearts,
acid mothers temple,
acoustic,
acoustic strawbs,
acquired as stand-alone flac stereolab-colchester arts centre,
acquired as stand-alone flac stereolab-manchester university,
ad,
adam,
adamcarroll.brianrung,
adamezra,
"adele,st jordi",
adolescents,
adrian legg,
ae,
aeg,
aerosmith oracleworld,
af,
afghan whigs,
afghan whigs - leeds,
afl,
afl & low riders royal albert hall london england june,
afrolachia,
ag,
against me,
agd,
agents of good roots,
agnesobel,
ah,
aharding,
ahleuchatistas,
ahmad jamal,
ahmaljamal,
aia_d,
aic,
aimee mann,
aimee mann christmas,
aimee mann_christmas,
air supply,
aj,
ak'chamel,
akashicrecord,
akus,
al green,
al kooper,
al stewart,
al_dimeola,
alabamashakes,
alain johannes gamh sf ca,
alam khan,
alan parsons,
alanmuiz,
alanparsons,
alarm norwich,
albert lee,
albertcastiglia,
albion band easter garland,
aldous harding,
alejandro escovedo,
alejandroescovedoband,
alex,
alex chilton,
alexchilton,
algreen,
alice cooper - august,
alice in chains,
alicecooper,
alicecooperffm,
alicecooperludwigsburg,
aliceinchains,
alison brown,
alison krauss & union station,
alisonbrown,
alisonbrownquintet,
alisonkrauss,
alisonkraussunionstation,
alkatraz,
all about chad,
allan.taylor,
allison crutchfield and the fizz,
allisonau,
allisterlob,
allyvenable,
allyveneble,
alo,
alpert,
alphaville,
alstewart,
alt j,
alt-j,
alter bridge,
alterbridge,
alvvays,
am,
amanda,
amberiandawnfemme,
amboy dukes,
amenra,
america,
americanaquarium,
aminafigarova,
amparanoia,
amyhelm,
amyray,
ana popovic,
analogues,
anamanaguchi,
anapopovic,
anapopovicbensheim,
anapopovoc,
anders,
anders+jackie,
andersosborne,
andres,
andrew gibb & scottish dance band,
andy frasco,
andy irvine - hamburg,
andy m stewart,
andyfalco,
angeille des manteaux,
angelicupstarts,
angelnationmannheim,
angus & julia stone,
ani difranco,
ani difranco zellerbach berkeley ca,
anidifranco,
animal_collective,
anita baker_wembley arena,
anl,
ann wilson,
anne marie,
anne.mccue,
annekefemme,
annihilator,
ansh,
anthony joseph,
anthrax,
antibalas,
antonschwartz,
anvil,
ao,
aojg,
ap,
apatt,
apc,
apiedinudiprogday,
"apple, fiona",
aquaserge,
aqueous,
ar,
arabstrap,
aranis,
arc_angels,
arcade fire,
archenemy,
archenemymunich,
archenemysb,
archenemystuttgart,
archie,
arctic monkeys,
argos,
arlanfeiles,
arlo,
arlo guthrie,
arloguthrie,
art garfunkel,
artblakey,
artblakey-philadelphia,
arturo o'farrill quartet,
aru,
arw,
as,
as the years go passing by,
ash-holmfirth picturedrome,
ashcroft,
ashesofareslangen,
asleep at the wheel,
asmodi bizarr,
astor piazzolla,
astorpiazzollaqnttangonuevo,
atdi,
atlanta,
atlantis,
atmosphere,
atrack,
attwenger,
atw,
aubreyhaddard,
audacity,
audioslave,
audrey_harrer,
auger bbc,
"auger, brian",
australian pink floyd,
autobahn,
av,
avett,
avettbros,
aveytare,
avibortnick,
avishaicohen,
aynsley lister_sale,
ayr-d,
azigzaprogday,
azureray,
aï¿½,
b,
b.cockburn,
baba zula ebar cd,
babesintoyland,
baby in vain,
bach - sonatas for solo violin - julia fischer,
bad,
bad avenue,
badbrains,
badco,
baez,
baez essen,
bananaslugstringband,
band,
band of holy joy,
band of horses,
bandcompetitionfinals,
banjocontest,
baobab chiasso,
bardo_pond,
barnes,
barrbros,
barrington_levy,
barrymelton,
bathtubgin,
"battiato, franco",
battlefield,
bauhaus,
bawninthemash,
baxter dury,
bazzookas,
bb,
bb_jh,
"bbc con orch in queen friday night, at the opera",
bbcso,
bbf,
bbfl,
bbgwpart,
bbking,
bbking granada,
bbking valencia,
bbragg,
bbs,
bbs-oct-man,
bc,
bcl,
bcockburn,
bd,
bd july,
bd-nov,
bd_ccv,
bd_riems,
bdbb,
bdltd,
bdm,
bdylan,
beach house,
beachboys,
beans on toast,
bear s den,
bear's den,
beardfishprogday,
bearly,
bearsden,
beastie boys,
beastie boys - manchester evening news,
beatsantique,
beck,
beck - august,
bedouine,
beethoven_paavo jaervi_sept,
behemoth phoenix,
belafleck,
belafleckandtheflecktones,
belinda carlisle,
bell,
belle & sebastian,
belle and sebastian,
belle game,
belle_sebastian,
bellringer,
ben folds,
ben harper,
benefit for anya phillips,
benjaminbooker,
benjaminclementine,
benny green,
benoit,
berlin,
bermuda triangle,
berniemarsden,
bernietorme,
berniew,
"bert jansch,paul millns,nigel portman-smith",
best coast fox theater oakland ca may,
beth ditto,
beth hart,
betse&clarkewiththeachinghearts,
bevis frond,
beyondgodfemme,
bf,
bfeck&ccorea,
bff,
bfft,
bg,
bh,
bhic,
bht,
bicep,
biffy clyro,
big,
big audio dynamite,
big business - boulder co,
big country,
big sam's funky nation,
big star,
big thief,
big.daddy.wilson,
bigbernie,
bigbraziliancheese,
bigfoot,
bigfootyancy,
bigsomething,
bigtime,
bill.wyman & the.rhythm.kings,
bill_morrissey,
billkirchin,
billm,
billposs,
billy joel,
billy joel - november,
billy martin wicked knee,
billy_bright,
billybragg,
billycobham,
billyjoel,
billystrings,
billywylder,
birch,
birdcity,
bit d,
bitchin' bajas,
bjbarham,
bjm,
bjoel,
bjthomas,
bk,
bl,
black,
black box revelation,
black dog,
black mountain,
black sabbath bayou city theater houston texas march,
black sabbitch,
black top,
black_angels,
black_art_jazz_collective,
black_sabbath,
blackangels,
blackberry,
blackcrowes,
blacklillies,
blacklung,
blackmountain,
blacksabbitch,
blackuhuru,
blackwaters,
blas,
blasters,
bleachers,
blindboys,
blitzentrapper,
blj,
blondie,
bloodkin,
blowbyblow,
blue,
blue collar man,
blue_heron_choir,
bluerose,
blues,
blues pills,
bluesp,
bluespills,
bmarsalis,
bmc,
bmm,
bmw,
bo ningen,
bob,
bob & carol pegg,
bob dylan,
bob dylan  greek theater  berkeley,
bob dylan - augusta,
bob dylan - genoa,
bob dylan - gulf coast highway_disc,
bob dylan - lewiston august,
bob dylan - october,
bob dylan - track,
"bob dylan greek theater berkeley, ca",
bob dylan shoreline oct,
bob marley & the wailers,
bob marley + wailers,
bob marley - is this love - mono -mixdown,
bob marley - lively up yourself - mono mixdown,
bob marley - no woman no cry - mono mixdown,
bob pegg,
bob pegg & nick strutt,
bob pegg & tim souster,
bob welch,
bob.dylan,
bobbykeys,
bobdylan,
bobdylan-jonesbeach,
bobseger,
boc,
bodylan,
boh_billydee,
bol,
bon iver,
bon jovi,
bonamassa sellersville,
bonarama,
bonerama,
bongripper - denver co,
bonnie raitt,
bonnie raitt  civic auditorium  santa cruz,
bonnie raitt luther burbank auditorium,
bonnie_raitt,
bonnieraitt,
bonus track,
bookert,
boom tic boom,
bootsy,
borisgarcia,
bostonchamberms,
bostonpops,
bostonso,
bostonso_chamber_players,
bottlerockets,
boubacartraore_chiasso,
bowthayer,
box,
boyziimen,
bpb,
br,
bradmehldauchristhile,
brain surgeons,
brandi carlile,
brandnew,
brandx,
branfordmarsalis,
brant_bjork,
brantbjork,
breeders,
breeders-last_splash_demos,
brettdennen,
brian,
brian may band,
brian paramount,
brian setzer,
brian wilson,
brianblade,
briandowney,
briansancesband,
briansetzer,
brianwilson,
british sea power,
british sea power - dunfermline,
british sea power-focus wales wrexham central station,
brix and the extricated,
brixandtheextricated-glasgow,
broken social scene,
broken_windows_d,
bromberg,
bromberg ultrasonic,
brothergrimm,
brotherroy,
brothersmccann,
brothersosborne,
brothersun,
browne,
"browne, jackson",
browstein,
brox,
bru,
bruce,
bruce cockburn,
bruce izod,
bruce philly night two tk,
bruce springsteen,
bruce springsteen- antwerpen,
bruce.cockburn,
bruce.sudano+hbrs,
brucebartletttrio,
brucecockburn,
brucehornsby,
bruces,
brucespringsteen,
brutus,
bs,
bsojc,
bspear,
bss,
bst,
bt-disc,
bt-jl,
btalcbigband,
btb,
bts,
buckethead,
buckingham mcvie,
"buckley, jeff",
buckwheat zydeco,
buckwheatzydeco,
buddy guy,
buddy guy marin civic center nov,
buddy guy wuth eric clapton the limelight,
buddyguy,
buddymillerandjimlauderdale,
buddywhittington,
budgie bierkeller bristol,
budosband,
budwig,
buffalo_tom,
buffalotom,
buick,
bunyan,
burnett,
bush tetras,
buster poindexter,
butchtrucks,
buzzcocks,
bvcombo_xmas,
bvox,
bw,
bweir,
byrds bloomington,
bz,
c,
ca,
cabbage,
cabinet,
cactus,
cage the elephant,
califone,
californiahoneydrops,
camel,
cameroncarpenter,
camper,
camper van beethoven,
campervanbeethoven,
can,
candlebox,
canned heat,
cantata_singers,
caravan,
caravan - record plant,
cardiacs - stonehenge,
cardinals,
carla bley,
carlanderson,
"carlton, larry",
"carmen, eric",
carney+richardson,
carneyballjohnson,
carolynwonderland,
carrie_rodriquez,
cartwrightzorndick,
cashdout,
cask strength ceilidh band,
casper,
casualties,
catfish & the bottlemen - edinburgh,
cats,
cavesingers,
cbb,
cbradley,
cc,
ccr berlin,
cd,
cd track,
cdb,
cdbdb,
cdg best buy,
cdg chicago sbd,
cdimage,
cdo,
ce,
ceciltaylor,
celibate rifles,
celso pina,
cf,
cfj ff,
cgb,
cgm,
ch,
chameleons vox,
chameleons vox-clitheroe grand,
chameleons vox-manchester ritz,
chameleons vox-sheffield plug,
chantal acda,
chanticleer,
charles bradley,
charles pasi,
charlesbradley,
charlie,
charlie puth,
charlie_musslewhite,
charliedaniels,
charliehunter,
charliehuntertrio,
charliemusselwhite,
charlieparr,
charming liars,
chasca,
cheap trick,
cheap trick phoenix,
cheaptrick,
cheer accident,
cheickhamaladiabate,
chelsea,
cherry glazerr commodore ballroom vancouver bc,
chic,
chic & nile rodgers,
chic and nile rodgers,
chicago transit authority - fillmore west d,
chicagofarmer,
chicanobatman,
chiccorea,
chick corea,
chickcorea,
chickenshack,
child,
chip,
chip taylor,
chris,
chris hillman and herb pedersen,
chris rea,
chris robinson brotherhood,
chris squire,
chris whitley - live seattle-fm,
chris_smither,
chrisfarlowe,
chrisisaak,
chrisrobinson,
christian scott,
christinebalfaandbalfatoujours,
church,
churchofmisery,
cigarettes after sex,
cinemechanica,
cipollina,
circle jerks,
circlejerks,
circusnine,
city of lights - stevie ray vaughan,
cj,
cjb,
cjfish,
cjm,
cl,
clairelynchband,
clan,
clap your hands say yeah,
clapton,
"clapton, eric",
clapton_double_layla,
clapton_final_chapter,
clarence_white_t,
clarkegilby,
clash,
clean bandit,
clegg,
cleveland orchestra,
cleveland_orchestra,
clevelandorchestra,
cliff_louise,
cliffrichard,
clinic,
clive gregson & liz simcock,
close lobsters,
clubdelf,
cm,
cn,
coalboilers,
cob,
cobain_old-age,
cockburn,
"cockburn, bruce",
coco,
coco montoya,
cody,
coldwarkids,
colin donaldson scottish dance band,
colinhay,
colinjames,
collier,
collins-sefton-sheehey,
colmar,
colour haze,
colourflow,
colter wall,
commandercody,
common kings,
commonkings,
comsat angels,
conbrio,
conor oberst,
conor oberts,
conor_oberst,
consciouspilot,
considerthesource,
cook,
cop killer,
copperhead,
cordovas,
corea gadd,
coreagadd,
corey,
corgan,
cosmicdead,
cotw_pe,
country joe & electric music band,
countryboys,
court and sparks band,
courtney barnett & kurt vile,
coy,
cp,
cracker,
cradleoffilth,
cranberries,
crash test dummies,
crashtestdummies,
crawl,
crb,
cream_psychedelic_circus,
credenceclearwaterrevisited,
creeps fr -jazzhaus  may,
crippledblackphoenix,
crippledblackphoenixffm,
cris,
crisjacobs,
crobinson,
crosa rosa,
"crosby, pevar, and raymond",
crosscurrents,
crossingmuddywaters,
crowded house womad sf ca sep,
croydon,
crycrycry,
crycrycrywks,
cryptical,
cs,
csn,
csny,
cspedding lsc,
ct,
ctd,
ctr,
cubensis,
cue,
cult,
cult of luna with julie christmas - las vegas nv,
cultureclub,
cure,
curtis harding,
curved air,
custardpies,
cvb,
cville,
cycles,
cyndi lauper,
czukay holger,
d,
d perez - j patitucci - t l carrington talk,
d+t,
d-a-d,
da,
dac,
dacaptaintrips,
damian marley,
damianwilsonffm,
damianwilsonreichenbach,
damnationsday,
damo,
damosuzuki,
dan,
dan hicks & hot licks,
dan reed network,
danakil,
danbaird,
danbairdshomemadesin,
dandywarhols,
dangermuffin,
dangers of the sea,
danhick,
danhicks,
daniel johnston with the districts & modern baseball,
danielle nicole band,
dankojones,
dannyburns,
dantemuenchen,
danzer,
dap,
dariusrucker,
dark star,
dark star orchestra,
darkbuddharising,
darlene love   stern grove festival,
darlingside,
darrin,
"daryl hall & john oates - het vondelpark, amsterdam",
dat,
daughter,
dave & jimmie,
dave holland,
dave holland quintet,
dave holland trio; november,
dave mason,
davealvin&friends,
davell crawford,
davemason,
davepirner-and-ryansmith,
david,
david byrne,
david grisman birthday bash,
david johansen,
david lee roth,
david lindley dunsmuir house oakand ca aug,
david.knopfler,
david_gans,
davidcrosby,
davidgrisman,
davidgrismansextet,
davidlanglois,
davidmccrackenandfriends,
davy,
davyknowles,
dawes,
day,
db,
db+nf,
dbb,
dbnf,
dbt,
dc,
dd,
de-sf,
dead,
dead boys,
dead can dance,
dead cross,
dead cross_denver co,
dead kennedys,
deadaffect,
deadandco,
deadboys,
deadco,
deadmilkmenfix,
deadphish,
deadsoultribe,
deafheaven,
deanmonkey&thedropouts,
deantoniparks,
death angel,
death from above,
death valley girls astoria hotel vancouver bc,
deathvalleygirls,
dec,
dee snider,
dee_dee_bridgewater,
deeexpus,
deep banana blackout,
deep purple,
deep purple - august,
deep purple - no,
deeppurple,
deerhoof,
degregori,
dejafuze,
del,
del-dawg,
delbertmcclinton,
deldawg,
delf,
delivery - bbc sunday concert,
delivery - brighton,
delivery - music in the moat,
dellamae,
delmccoury,
delta deep phil collen,
delta rae,
demi lovato,
demos,
denguefever,
depeche mode,
depeche_mode,
depechemode,
depedro,
der nino aus wien,
dermot kennedy - manchester,
desperate journalist,
detective,
detroit,
devil makes three,
devilmakesthree,
devonallman,
df,
dfa,
dftm,
dg,
dgbe,
dgjl,
dgq,
dhakabrakha,
dharper,
dhicks mfp,
dhidalah,
dhjo,
dhol,
dianereeves,
dich,
dick gaughan,
dick valentine,
diehartjungs,
diet cig,
different_degrees_d,
digarhythmband,
dillon,
dinojr,
dinosaur jr,
dinosaur jr_denver co,
dinosaur_jr,
dinosaurjr,
dio,
dire straits,
dirkschneiderhanau,
dirtysoundmagnet,
disc,
discobiscuits,
disctwotrack,
divine_comedy,
dixiedregs,
dizgo,
dj,
django django,
djr,
dk,
dkcols.flacs/kcolst,
dl,
dl+rc,
dl+wi,
dls,
dm,
dm+tr,
dmb,
dmd,
dmh lsc,
dmo,
dnb,
dnc,
docw,
dodgy,
doll skin,
donna,
donnathebuffalo,
donovan,
donovan  regency ballroom  sf,
doobie bros-botanic park,
doobie brothers,
doobie brothers shoreline amphitheater jun,
doobiebrothers,
dookie,
dopapod,
dorifreeman,
doris.brendel,
doroka,
doromuenchen,
doyle bramhall ii,
doylebramhallii,
dp,
dpu,
dpullen,
dr,
dr john,
dr lonnie smith,
dr. john,
dr.john,
dragondeer,
dragonsmoke,
dragonsmole,
dream syndicate  the independent,
dreamsyndicate,
dreamtheater,
dri - october,
driftwood,
drivebytruckers,
drivin,
drivinncryin,
drjohn,
drjohn - june,
drkay,
drm,
drpt,
drums,
dry branch fire squad,
ds,
dso,
dt,
dtb,
dtb-disc,
duarte-bailey-sipe,
dubapocalypse,
duff mckagan,
dumpstaphunk,
dungen,
dw,
dw+jl,
dweezil zappa,
dweezilzappa,
dwight yoakam,
dwight yoakam band,
dwightyoakam,
dwl,
dy,
dylan,
dylan - exclusive series,
dylan - restless hungry feelings_disc,
dylan essen,
dylan hh,
dylan-mai,
dylan_aalborg,
dylanbm,
dylanspokane,
e,
e&b,
eagles,
earls,
early set,
early show,
earsight,
earth,
earthless,
earthless_denver co,
earthlingsociety,
eastfield,
easyleaves,
eatb,
eb,
eb_nac,
ebnb,
ec,
ec - american tour,
ec - hideaway,
ec-msg,
echolynprogday,
ecsw izod arena east rutherford nj,
ecsw lg arena birmingham may,
ecsw mgm grand arena las vegas,
ecsw oracle arena oakland ca,
ecsw wachovia center,
ecsw wembley arena london england may,
ed sheeran,
ed&jh-wbcn-boston,
edd,
eddie and the hot rods,
edgar broughton,
edgar winter band - august,
edgarmeyerchristianmcbride,
edgarwinter,
edguyffm,
edie brickel & the new bohemians  zellerbach aud berkeley ca apr,
editors,
edsheeran,
ee,
eekamouse,
eels live,
ef,
eg,
eh,
eilenjewell,
eisbrecherwi,
ej,
ek+tsb,
elastica,
elbow,
elbuho,
elder,
elder - edinburgh,
electricbeethoven,
elephantrevival,
eliza carthy & wayward band,
elizabeth,
elizabeth cook,
elizabethcook,
ella eyre,
ellen andrea wang,
elliottsmith,
elo,
elohim,
elp,
elten,
elton john,
elton john - rocket man d,
elton john_earls court,
elvin bishop,
elvin_bishop,
em,
em antequera,
em estepona,
em malaga,
em proms,
ema,
ema fox cabaret vancouver bc,
embryo,
embryo+stromsession,
"emilly remler boston, ma",
emily,
emily haines and the soft skeleton chan centre  vancouver bc,
emily saliers,
emilybarker,
emisunshine,
emmy lou harris & spyboy,
emmylouharris,
encores,
endlessboogie,
englishbeat,
ensemble hesperi,
ensemble-ruth_lomon-tr,
eo,
eodm,
epicakã¶ln,
epicamuenchen,
eric,
eric clapton,
eric gales,
eric sardinas,
ericbachmann,
ericburdon,
erickrasno,
ericlindell,
erikjekabson,
ernesto bladden iv kpri,
err,
es-cw,
esben and the witch,
esmz,
esp,
etatmb,
ethan iverson,
etown,
etta_james,
evan_dando,
evanescence,
evanescence midland theatre kansas city missouri april,
everclear,
evergreyffm,
everyoneorchestra,
everyonesdead,
evidence_d,
evildead,
evol,
ew,
exene cervenka & john doe,
existem,
eyehategod_denver co,
f,
fabfaux,
fairport convention,
fairport.convention,
faith no more,
fall,
fall-roskilde,
fantasticnegrito,
far,
farcornerprogday,
fastball,
fastway,
fat freddys drop,
fatherjohnmisty,
fats,
faust,
fc,
fc ag,
fear,
feist,
felice brothers,
felicebros,
felicebrothers,
fertilehump,
ff,
fg,
fh,
fhbb,
field music,
field_music,
fields of the nephilim,
fijimariners,
fink,
fionaapple,
fionaapple+sherylcrow,
firehose,
firewindspeyer,
first aid kit,
fish,
fishbone,
fist,
fixedtrack,
fixx,
fjm,
fl,
fla,
flac,
flac without noise reduction,
fleet foxes,
fleetwood mac,
flips,
flowerkingsprogday,
fmacfin,
fmachanger,
fnm,
focus,
focusprogday,
fof,
foo fighters,
foo fighters - washington dc,
foofighters,
"ford, robben",
forever pavot,
forq,
fortunate youth,
foundationoffunk,
foxing,
foxtollingdenson,
frampton,
france,
franck carducci band,
francobollo,
frank harrison group,
frankblack,
frankfamilyzydeco,
frankfurt,
franksolivan,
franz ferdinand,
franzferdinand,
free,
freedead,
freedomcallsb,
freekbass,
frequency drift,
front,
frost,
fruition,
frumpy,
frã¤ulein hona,
ftb,
ftw,
funky,
funkydawgz,
funkymeters,
fuse one - tokyo,
future,
future islands,
fz,
g&g,
g-grassgospelhour,
g-lp,
g.mule,
gab,
"gabriel, peter",
gabriel_ peter,
gabrielle aplin,
gael faye,
gaf-disc,
galactic,
galaxie,
galay bustos ccsm  ba,
gallatincanyon,
gallen,
gallman,
gang of four,
gang war,
garbage,
"garner, sue",
garrettgospelgrass,
gary clark jr,
garybackstrom,
garyhoey,
gatemouth,
gatewaytrio,
gb,
gba,
gcj,
gd,
gd-disc,
gd-pigpenmixd,
ge,
geir lysne,
gemma ray,
gen,
generationals,
genesis,
genetics,
gentlemans circle,
georg danzer,
george michael,
georgethorogood,
get well soon,
gf,
gfr-disc,
gg,
ggg,
gh,
gh_far east man_t,
ghost_scorpion,
gibsonbrothers,
gid,
gift,
gift-to-tapers,
gift_forove move me,
gilbyclarke,
gillian welch and dave rawlings,
gillianwelch,
ginblossoms,
girija_devi,
girls in hawaii,
girlschool,
gl,
glasgow,
glasgow_gathering_d,
glasgowcomascale,
glen campbell with victoria ghost,
glen hansard - live,
glen hansard - prague,
glenn hughes - burning warsaw night,
glennhughes,
glennphillipsbandprogday,
"glove,jack,&donavon",
glr,
gls,
gm,
gm-disc,
gnod,
gnr,
gnr-nr-t,
go-go's,
goat girl,
godfathers,
godfathers razzmatazz,
gohlss,
golden earring,
golden grass,
gong,
goo goo dolls,
good rockin dopsie,
gor,
gorddownie,
gordon lightfoot,
gordonstonetrio,
gorillaz,
gov't mule,
gov'tmule,
gov'tmule.humphreys.sdca,
gov'tmule.ventura theater,
govt mule,
govtmule,
gozoyoshimasu&kukangendai,
gp,
gpgds,
gr,
graceful meadowlands d,
grandfunk-hamburg,
grant hart,
grant lee phillips,
granthart,
grapes,
grass,
grateful,
grateful dead,
gratefuldead,
grausametoechterffm,
graysoncapps,
grdead,
greatguitars,
greatlakeswimmers,
green day,
green ray,
greenday,
greenflames,
greenisbeautiful,
greensky,
greg kihn,
gregluttrell,
gretchen parlato,
greyboyallstars,
grinspoon,
grisman mccoury,
grizzly bear,
grndtn,
groundhog,
grusom,
gryphon,
gsbg,
gsol,
gsw,
gt,
guapo,
gueststar,
guillermoklein-dc,
gun brighton centre,
guns n roses,
gurevich,
gurge-latwanadalesydney,
gvf,
gw,
gw_dr,
gwbotlinny,
gwhocnetor,
gwlaurmd,
gwwhwashdc,
gwwin,
gybe,
gypsy,
gypsy kings,
haas in vain @ vcolon  ba,
habibkoite,
hackett,
hail,
haim,
halem,
haleyjane,
half.waif,
hallyday,
halma,
hamburg blues band,
hammerfallka,
handel-haydn_society,
handel-haydnsociety,
hanging stars track,
hannahpeel,
hannes.wader,
hannigan_miz,
hans.theessink+terry.evans,
happy mondays,
harding,
"hargrove, roy",
hariprasad_chaurasia,
hartford,
hats off gentlemen it's adequate,
haunted,
hawktail,
hawkwind new theater oxford uk november,
hawkwind tower theater philadelphia pennsylvania april,
hayley,
hayleyjane,
hb,
hbb,
hc,
healy,
heart,
heartbreakers,
heather findlay,
heaven,
hedges,
helgeschneider,
hell'sbelles,
helmet,
helmetofgnatsprogday,
hempress sativa,
hendrix,
henri texier,
henrik.freischlader,
henry butler,
henry cow,
henrythreadgill,
herbert groenemeyer,
herbert joos trio,
herbie,
herbie hancock,
heroes,
heronoblivion,
herring,
hesperion_xxi,
hesperionxxi,
hexvessel,
heynderickx,
heyocean,
hfot,
hftrr,
hh,
hhancockheadhunters,
hhg,
hht,
higgs,
highcountry,
hillbenders,
him,
hirax,
hirie,
hiroyatsukamoto,
hisb,
hissgoldenmessenger,
hlm,
hm,
hm+vm,
hmasekela,
hoa,
hol preston live,
hole,
holiday,
holly,
holly bowling,
hollybowling,
homemadesin,
honey,
honey.island.swamp.band,
honeyblood,
honeywood,
honig,
hoodoo,
hookworms,
hooverphonic,
hornsby,
horrors,
horsesha,
howe gelb,
hp,
hr,
hs,
https,
hubbard_boston,
hudson,
hugh masekela,
"hugh masekela & larry willis, rfh",
hugh masekela winterthur,
hughmasekela,
human league-liverpool clarence dock,
husker du,
husker_du,
huskerdu,
hwa,
hwang,
hypnos,
i musici veneziani,
iabd,
iam,
iamthemorning,
ian anderson,
ian hunter,
ian moore,
iananderson,
iananderson'sjethrotull,
ic,
icecube,
icedearthsb,
icicle works,
icp,
icp orchestra,
icp toronto,
icp-orchestra,
icporchestra,
icporchestra-amsterdam,
icporchestra-geneve,
idina,
idles,
idlewild - glasgow,
ig,
ig columbus,
iggy pop,
iim,
ij,
ijet,
ik,
ikue mori - mars williams,
im,
imagine dragons,
imarhan,
in love with,
incognitos,
indigenous,
indochine,
infamousstringdusters,
inglorious,
inna de yard,
insania,
instant_attraction_d,
intergalactic lovers,
interpol_lille,
interview band members,
inxsalbert,
iq,
iration,
irishmythen,
iron & wine,
iron & wine    warfield theater,
iron maiden,
ironmaiden,
isaac gracie,
isb,
isbell,
isd,
isle,
israel_vibration,
itvb,
ivan,
iw,
izakaya-d,
izzy,
j. boog,
j.j. cale,
j.w.jones,
ja,
ja-remaster,
ja_set,
jaap blonk solo @unacasa ba,
jab,
jabercrombie,
jack,
jack dejohnette,
jack&ginger-cleveland-tr,
jackie greene,
jackiegreene,
jackirons,
jackryan,
jackshit,
jackson browne,
jackson browne & jonthan wilson,
jackson browne murcia,
"jackson, joe",
jacksonbrowne,
jacob collier & fat-suit,
jade jackson,
jadejackson,
jafw,
jahroots,
jaimoe,
jakob_dylan,
jamc,
james,
james blunt,
james gang,
james heather,
james hunter cazorla,
james intveld,
jamesblunt,
jamesgang,
jamesmcmurtry,
jamie,
jamiroquai,
jandek - berlin germany,
jane_weaver,
janis,
japandroids,
jaq,
jared james nichols - october,
jarlath henderson band,
jarosz,
jarosz-dance,
jarthur,
jason,
jason bonham lze indianapolis,
jason falkner,
jason isbell,
jason moran,
jason.isbell,
jasonisbell,
jasonmraz,
jasper van t hof,
jauntee,
jay-z,
jayhawks,
jayne county,
jaystarling,
jb,
jbgb,
jbonamassamilw,
jbonamassawausau,
jbt,
jbuckley,
jbulmer-t,
jc,
jc&bw,
jcbw,
jcc,
jcyoung,
jd,
jdb,
jdg,
je,
jean-paul bourelly,
jeff,
jeff beck,
jeff beck  paramount,
jeffaustinband,
jeffbeck,
jefferson airplane,
jefferson starship,
jeffmartin,
jeffrey gaines,
jefftweedy,
jellyfish,
jen cloher,
jen cloher & band,
jenn nas,
jenniferoconnor,
jennilyn,
jerry jeff walker & david bromberg wbai,
jerrydouglas,
jesca hoop,
jessandtheancientones,
jesse,
jesse colin young,
jessemalin,
jessie ware,
jessiemaehemphill,
jesus and mary chain,
jethro tull,
jethrotull,
jfk,
jg,
jg&jk,
jg+jk,
jgab,
jgarciaband,
jgb,
jgb d,
jgbcb,
jgbw,
jgjk,
jh,
jh&tiw,
jherring albany,
jhiatt,
jhiw,
jillbarber,
jim,
jim+jesse,
jimjames,
jimjonesrevue,
jimlauderdale,
jimmy,
jimmy herring,
jimmy herring and the invisible whip,
jimmy herring-cranston,
jimmy vaughan,
jimmy.reiter,
jimmyheath,
jimmyherring,
jimshaw+d'red d'warf,
jimsuhler&jasonelmore,
jimwhite,
jj,
jjb,
jjgrey,
jjw,
jk,
jkb,
jlg,
jlh,
jlm,
jlt,
jm,
jm_tb,
jmb,
jmf,
jmiw,
jmnd,
jmp,
jmraz,
jo,
joan baez,
joan osborne,
joan osborne & friends,
joanna gruesome,
joannateters,
joanosborne,
joe b,
joe bonamassa,
joe bonmassa,
joe ely,
joe henry,
joe satriani,
joe walsh,
joe walsh and barnstorm,
joe-sumner,
joe_moss,
joe_walsh,
joebonamassa,
joepug,
john,
john abercrombie,
john cale,
john gorka,
john grant,
john lee hooker,
john martyn,
john mayall malaga,
john mayer,
john mclaughlin,
john mclaughlin and jimmy herring - november,
john moreland,
john moreland warfield theater,
john prine palladium cd,
john_mayall,
johnabercrombieqt,
johnbutlertrio,
johncale,
johnfogerty,
johnfullbright,
johnhiatt,
johnhiatt_lylelovett,
johnkband,
johnmaus,
johnmayall,
johnmayer,
johnmclaughlin,
johnmclaughlin-cranston,
johnmoreland,
johnny cash,
johnny clegg,
johnny mathis,
johnny thunders,
johnny thunders so alone revue,
johnprimer,
johnstonstephensbladesamendola,
johnstubblefield,
jol,
jonathan edwards,
jonathan wilson,
jonathan.wilson,
jonnylang,
jonthan wilson,
jools,
jordi_savall,
josarthur,
joseph,
josh,
joshphillips,
joshritter,
joshuaredmanzakirhussain,
journey,
jpbiondo_chriskearney,
jr,
jrad,
jredman,
jrk,
jrwb,
js,
jsbx,
jt,
jt hhring,
jt-disc,
jte,
jtearle,
judas priest,
judymowatt,
juicy lucy,
julia kadel trio,
juliedoiron,
julytalk,
juniorwells,
jupiter okwess,
justin,
justin townes earle,
justinhayward,
justintownesearle,
jv,
jw,
jw-estadio revolucion,
jwjones,
jwpp,
jwroy,
k,
k-ink iv,
k.flay,
kabaka pyramid,
kaceymusgraves,
kadavar,
kalamahara,
kalamata,
kaleo,
kalle,
kamasiwashington,
kandace,
"karine polwart - vienna, austria",
karl blau,
kaseychambers,
kaushiki chakrabarty,
kc,
kclarkson,
kdgb,
kdtu,
kebbi&friends,
kedwards,
keels,
keith,
keith jarrett,
keith richards sala zeleste,
kellywillis,
kennedys,
kenny wayne shepherd,
kennywayne,
kentuckycolonels,
kentuckycols,
kesha,
kevin,
kevnk,
khb,
killer country  love song bar   la,
killers,
kim fowley - primitive,
kimock,
kimrichey,
king,
king buffalo,
king diamonds - live chile,
kingbuffalo,
"kinison, sam",
kinks,
kinkscwpostny,
kinksphilhalny,
kirk vanguard,
kiss,
kit downes,
kite base,
kk,
km,
kneedelus,
kochlea,
koko taylor,
koko_taylor,
kool-aid s,
korekyojinn,
kot,
kp set,
kperry,
kraftwerk,
krasno,
kravitz - lenny's birthday,
kreator,
krissy.matthews,
kristofferson,
krushfaktory,
ksan,
kumbia queers,
kungfu,
kurt,
kurt edelhagen,
kvb,
kvhw,
kw,
kwashington,
kwnfriends,
kylehollingsworthband,
kyros,
l,
l subramaniam,
l'enfance rouga,
la,
lacunacoilaburg,
ladygaga,
lake,
lakeland,
lamb of god phoenix,
lambchop,
lana del rey,
lancelopez,
langhorne,
laraaji,
larry_teresa,
larryandteresa,
larrycampbell,
larrymccraygroup,
lasse marhaug,
last in line,
launchpad,
laura jurd dinosaur,
laura oakes,
laura_nyro,
laurie anderson,
laurie lewis,
lazuli,
lcb,
lcd,
lcd soundsystem - washington dc,
lct,
lctw,
ld,
ldk,
ldw,
le silo,
le_gran_detuning_d,
leaveseyesstuttgart,
leaving trains,
lee,
lee fields & the expressions,
lee ranaldo,
lee_ranaldo,
leeranaldo,
lefly-kassel,
lefotversalmon,
leftoversalmon,
legend of the seagull men,
legendary pink dots,
legendaryflowerpunk,
lenny kaye,
lenny kravitz,
leon russell,
leonardcohen,
leonrussell,
lepoemeharmonique,
les,
les brers,
les bres,
les filles de illighadad luzern,
lesbrers,
lesbros,
lesdudek,
leslie stevens  echoplex,
lesrallizes,
letsdanza,
lettuce,
lf,
lg,
lh,
liamgallagher,
liars,
life,
lifehouse,
lifesigns,
lightfoot,
lightninmalcolm,
likhoduo,
lil_ed,
lilsmokies,
linda ronstadt,
lindenberg k,
lindisfarne,
lindley ingram,
lindsey,
link wray - record plant,
liquidvisions,
liquor,
lisa hannigan,
little.steven,
little_steven,
littlebrother,
littlehurricane,
littlesteven,
litz,
livedead,
livedead_riders,
living end,
liz longley,
lk,
lke,
lkexplosion,
lkr,
ll,
ln,
lo moon,
loaded,
loaded download,
lofs,
london contemp orch soloists,
london grammar,
londonsouls,
lonelykamel,
lonelytrailer,
lonnie mack,
lonniesmith,
lord huron,
lordnelson,
lordsofblackaburg,
los,
los coyotes blues band,
los hidalgos,
los lobos,
loscolognes,
losearly,
loslate,
loslobos,
lostexmaniacs,
lou,
loudon wainwright iii,
lovanodouglasquintet,
love & rockets_november,
love and rockets,
love spit love,
lovecanon,
lovely eggs,
low,
lozsotgs,
lp,
lplf,
lpx,
lr,
lrd,
ls,
lsp,
lss,
ltb,
luby sparks,
lucero,
lucero_denver co,
lucia cadotsch speak low,
luciano,
lucinda,
lucinda williams,
lucinda williams madrid,
lucinda.williams,
lucindawilliams,
luigi & the wiseguys + vega & thunders,
lukasnelson,
luke bryan,
luna,
lunasa,
lutherdickinson,
lw,
lydia,
lydia_lunch,
lydiaharrell,
lyle,
lynnemoorer,
lynryrd skynyrd,
lynskynlaf,
lynyrd skynyrd,
lyricsborn,
lz,
lz_cd,
m etheridge,
maceo parker lugano,
maceoparker,
machine head,
macula dog,
macula dog - kaleidoscopic flux radio show,
madison.violet,
madstolling,
magenta,
magicband,
magicbeans,
magma,
magnum,
magpie,
magpie salute,
magpiesalute,
mahavishnu,
mahavishnu orchestra,
mahavishnu orchestra. yale university,
mahmoudtawor,
maidenunited,
maidenunitedbadhomburg,
maidenunitedddorf,
malinky - sevenoaks,
man,
manassas,
mandog,
mandolinorange,
maneskjold,
manicstreetpreachers,
mannycharltonbandma,
manthor,
mantler,
maps&atlases,
maradeen,
marcbroussard,
marcia griffiths with sly & robbie,
marcu,
marcus,
marcusearly,
marcusking,
marcuslate,
marcusmiddle,
margo,
maria_muldar,
marianne.faithfull,
mariaschneider,
"marillion_live in aucamville, salle georges brassens",
marilyn mazurs shamania,
marilynmanson,
marisaanderson,
"mark geary - vienna, austria",
mark lanegan band - edinburgh,
markknopfler,
marklanegan,
marksbrothers,
markstuart,
marley,
marley bros,
marley family & others,
marlon williams,
marque,
marqueur,
marshallanger,
martasanchez,
martha wainwright,
martin,
martin barre,
martin barre band    mystic theater  petaluma,
martin mull,
martinbarre,
martinsimpson,
martyn joseph - newport pc,
martystuart,
marvin gaye - aint no mountain - mono mixdown,
marvin gaye - aint nothing like the real thing - mono mixdown,
marvin gaye - mercy mercy me - mono mixdown,
mary epworth,
mary gautier,
masekela,
maserati,
mastersofreality,
mat,
matadorsoulsounds,
material,
matisyahu,
mats gustafsson,
matt,
mattandersen,
matthaimovitz-dc,
matthew sweet,
mattschofield,
mavericks,
mavis,
mavis staples,
mavis staples - october,
mavisstaples,
max's kansas city mar,
max-webster-rush,
max_webster,
maxcreek,
may,
mayanfemme,
mayhem,
mazzy star,
mb,
mbb,
mbg,
mbl,
mbv,
mccourys,
mccoy tyner,
mcd,
"mcilwaine, ellen",
"mckee, maria",
md,
mdoughty,
me + marie,
meaghan burke & the burkettes,
meat_puppets,
meena,
megadeth,
mekons,
melbourne,
melfordscheinman,
melissaetheridge,
mellencamp frankfurt,
melones,
melt dunes,
melvinjgb,
melvins,
melvinseals,
mermaid,
meshuggah,
messer chups,
metallica,
meters,
metheny,
"metheny, pat",
metopera,
metz,
mezzoforte,
mf,
mf+s,
mfl boef & lil kleine,
mfp,
mg,
mgb,
mgibbs,
mgordon,
mh+pd,
mhb,
mia,
mia doi todd,
michael mikolaschek,
michaelchapman,
michaelhedges,
michaelnesmith,
michel godard_ track,
mick flannery,
mick taylor,
mick.taylor,
middlekids,
midnight oil,
midnight oil   greek theater  la,
midnightnorth,
midnightoil,
midnightsteamer,
midtown social,
mightyfergusons,
mike,
mike gordon,
mike heron & trembling bells,
mike oldfield,
mike stern,
mike westbrook,
mikedillon,
mikeeffenberger,
mikegordon,
mikekeneallyprogday,
mikemiz,
mileselectricband,
miley cyrus,
minamideutsch,
ministry_riotfest,
miriodor,
mirthkon,
misfits,
mission,
missmojo,
misstess,
mister please,
misterf,
"mitchell, joni",
mix tape vol,
miz,
mj,
mjhurt,
mk,
mkb,
mlb,
mm,
mmj,
mms.cd,
mmw,
mmw+soulbop,
mn,
mo,
mo_frau,
moaningcities,
moby grape,
moe,
moequeous,
moester,
mofro,
mogwai,
mohammedshampat,
mojodaddy,
mondosample sbd,
monroe,
monster magnet,
monstermagnet,
montemontgomery,
montreal,
moody,
moody blues,
moody-blues-july,
moodyblues,
moodybluesoct,
moondance,
moonduo,
moonspell,
morbosidad,
morning jacket,
morphine,
morrissey,
mosier,
motet,
motley crue-track,
motorhead,
motorpsycho,
mott the hoople,
mount eerie,
mount kimbie,
mount_hush,
mow,
moz,
mp,
mr fox,
mratvdsgmfgathmd,
mrbig,
mrsun,
mry,
ms,
ms_jgb,
mschenker tor pontiac,
msmw,
mt,
mtb,
mtnride,
mturner,
mudcrutch,
muddy,
muddy waters,
muddy waters cellar door wash dc july,
muddymagnolias,
mudhoney track,
mudmorganfield,
muhal richard abrams - rufus reid,
mulatuastatke,
mule,
mumforandsons,
mumfordandsons,
muse,
mushroomhead,
mwestbrook,
mylifestory,
myrathkã¶ln,
myrathmuenchen,
mysteryverviers,
mysteryzoetermeer,
n,
na,
naam,
nadasurf,
naeebkhogali,
nakedcity_warsaw,
nakedfunkproject,
nas,
nashvillepussy,
nate,
nateanddan,
nathanielrateliff&thenightsweats,
national,
naughtyprofessor,
naxatras,
nazcaspacefox,
nb,
nbb,
nc,
ncbs,
neil young,
neildiamond,
neilyoung,
nels cline,
nels cline larry ochs gerald cleaver trio,
neu,
nevermore,
neville,
nevilles,
new,
new kingston,
new mastersounds,
new mastersounds neptune theater,
new model army-holmfirth picturedrome,
new order-transmission,
new trolls,
new york dolls,
newmast,
neworleanssuspects,
nfak_leone_xiii,
ng,
ngr,
nichole,
nick,
nick cave,
nick hakim,
nick_cave,
nick_moss,
nickcave,
nickcave_copenhagen,
nicklowe,
nico,
nicoleatkins,
night thunas,
nighthawks,
niks,
nils petter molvã¦r,
nin,
nina hagen,
nirmala rajasekar,
nirvana,
nkotb,
nma,
nmas,
nmb,
nmckay,
nmh,
nmo,
nno,
no,
no man's land,
nocentelli,
noelgallagher,
nos,
nothing but thieves,
nova mob,
npc,
npg,
nr,
nrbq,
nrps,
ns,
nt,
nthpower,
nuclearassault,
nucleus,
nullstellensatz,
nuno bettencourt,
ny,
ny salsa all stars lugano,
ny_sf,
nyd,
nyphil,
nyro,
oasis,
obrienscott,
obsessed,
ocher,
ohmphrey,
olakvernbergsteamdome,
old,
oldcrowmedicineshow,
olelukkoye,
olibrown,
olivianewtonjohn,
olp,
olympus ls,
omd razzmatazz,
omni_under_pressure_d,
op,
operationmindcrimeaburg,
opeth,
orango,
orcchampselysees,
ordenoganlangen,
oregon,
oren ambarchi,
orkesta mendoza,
orphanedland,
ost,
osvaldo golijov azul,
ot,
otava yo,
oteil,
oteil & friends,
oteil burbridge & friends,
oteil_friends pittsburgh,
oteilburbridgeandfriends,
otf,
otherones,
otiel&friends,
otielandfriends,
otis rush,
otomoyoshihide,
oubisample,
our lady peace,
out_lines,
outlines,
oysterband,
oznoy,
ozric,
ozric tentacles,
ozrictentacles,
ozrictentaclesdigitalpd,
ozzy osbourne,
ozzyosbourne,
p,
p funk all stars,
"p,g msg d",
pacific,
pacific roots,
paf,
page & plant,
page&plant,
pageplant,
pandf,
panzerpappa,
papadosio,
papir,
pappy,
pappyandcaleb,
parkermillsap,
parsonsfield,
part,
part one,
particle,
pascal comelade,
passage,
pat  metheny. woodstock,
pat benatar,
patrick street - salisbury,
pattersonearly,
pattersonhood,
pattersonlate,
patti,
patti smith,
pattygriffin,
paul,
paul lewis,
paul mccartney,
paul mckenna band,
"paul motian trio - village vanguard, nyc",
paul rodgers,
paul weller,
paula,
paula cole,
paulanka,
paulkelly,
paulmccartney,
paulsimon,
pbq,
pch,
pe,
peach,
peach tribute,
peak,
pearl jam (reel,
pegiyoung,
pendragonob,
pendragonrheim,
pepper,
pere ubu,
perfumegenius,
permanent_tour_d,
pete townshend,
peter brã¶tzmann,
peter evans,
peter hammill,
peter perrett,
peter rowan,
peter rowan and friends,
petergreen,
peterrowan,
petes,
petit fantã´me,
petty,
petty frankfurt,
pettyessen,
petula clark  gallo center for the arts,
pf,
pf_birmingham,
pfefd,
pfunk,
pg,
pgmg,
ph,
ph d,
phandg,
phantogram,
phantom,
pharmakon,
pharoah sanders,
phil,
phil beer,
phil-disc,
phil.moe,
phil_rudd,
philandfriends,
philbob,
phillesh,
phish,
phjb,
phoebe bridgers,
phoebehunt,
phood,
pickinonween,
pierrebensusan,
pietabrown,
pigpen,
pinehillhaints,
pinetopperkins_piazzablues,
pink,
pink floyd,
pink floyd - disc,
pinkfloyd,
pinkshinyultrablast,
piste,
pixies,
pixies-manchester castlefield arena,
pj,
pj harvey,
pj harvey poble espanyol de barcelona,
pj_harvey,
pl,
pl&f,
place_to_bury_strangers,
placebo,
placebo - glasgow,
plan b,
"plant, robert",
plantman,
playa,
plf,
plf.weir.tarrapin,
plq,
pltfb,
pltxfb,
pm,
pmg,
pmt,
pogues_hamburg,
pokeylafarge,
police,
polyvamp,
popachubby,
popper&friends,
poptone_pabsttheater_sept,
por boston,
porches,
porter,
potter,
"potter, taborn, harland trio; december",
poverty,
powderforpigeons,
powerwolfka,
pppp,
pr early,
pr+jd,
pr-jd,
present,
preservation hall jazz band,
pretenders,
pretty lightning,
prettylightning,
prettythings,
pretzel logic,
price,
prime movers,
primus,
procol harum,
procolharum,
professorlouie,
protokaw-track,
prrpgs,
ps,
psb norwich,
pso,
psychedelic furs,
psychedelic furs - doncaster rotters (tb aud master,
ptbg,
ptf,
ptfsms,
puhdys,
pullen,
purple haze,
pw,
qalmuenchen,
qango,
qcnh,
qms,
qntal,
qotsa,
qotsa - october,
qotsa berlin norm,
qotsa manchester arena,
queen,
queen + adam lambert,
queen - bohemian rhapsody - mono mixdown,
queen - cologne,
queens of the stone age,
quicksand_thaliahall_sept,
quinnsullivan,
quireboys,
r,
r b,
r.gallagher,
r.palmer,
rack,
rad,
radio moscow,
radio_ad,
radiohead,
radiohead_lallapoloza_chicago_august,
radiomoscow,
radiophonic workshop,
rads,
rae morris,
rafael_orozco,
rag n bone man,
rag'n'bone man,
ragespeyer,
railroadearth,
rain parade,
rainmakers,
ralph,
ralph mctell,
ralphcarney,
ralphroddenbery,
rammstein,
ramones,
randall,
randynewman,
ratdog,
ratm,
ratt,
ratt portland,
raulmalo,
rav,
ravi.may,
ravishankar,
ray.bonneville,
raycharles,
rb,
rbb,
rc,
rc+dl,
rcoltrane,
rd,
rebel,
rebelution,
redd kross,
redsun,
"reed, lou",
regina carter,
reginaspektor,
reignwolf  cafe du nord   sf,
reingoldbartoshreichenbach,
rek,
rem,
remember shakti,
renaissance,
renzijohnstonshulmanvogler,
replacements,
reptilian,
residents,
revco,
revivalists,
revolution,
revpeyton,
revtor,
rflack malaga,
rg,
rg-unplug-d,
rh,
rhapsodyoffirelangen,
rhavens iow,
rhcp,
rhettmiller,
rhythminc,
richard,
richard hawley - bury met,
richard hell,
richard lloyd's summer jam at max's,
richard thompson,
richard thompson  villa montalvo,
richard_thompson,
richardshindellb,
richardthompson,
richie_havens,
richiehavens,
richiestearns,
richrobinson,
ricky,
ricky ross,
ride,
ride - edinburgh,
ringo starr,
ringostarr,
rio,
rio berlin,
rio reiser kehl,
rioma,
"ripley music hall, philadelphia, pa",
rita ora,
ritchiefuray,
ritenour,
"ritenour, lee",
riverbend,
rjg & the enid,
rkirk,
rkirk_tv_soul_t,
rks,
rm,
rmb,
roanoke,
robbenford,
robbiefulks,
robert cray,
robert forster,
robert plant,
robert plant boston,
robert plant hammersmith apollo,
robert randoph & family,
robert robertson,
robertcray,
robertfinley,
roberthunter,
robertplant,
robreich,
robyn hitchcock,
robynhitchcock,
rod stewart,
"rodolphe burger + james blood ulmer - aã©ronef, lille, fr",
rodolphe burger lomme,
roger mcguinn,
roger waters,
roger waters - boston,
rogerhodgson,
rogerwaters,
roky erickson,
rolling stones,
rolling stones phoenix,
rollingstones,
rollins band,
romeo voida,
ronnieearl,
roos,
roots-round,
rootsfriendsdallaspops,
rorey,
rory,
roryg,
rose hill drive,
roseannecash,
rossjames,
rowan,
roy harper,
roy harper jimmy page rock garden covent garden london england nov,
roy harper jimmy page st ives hotel lytham st annes engand,
royal blood,
royal blood - october,
royal blood-manchester academy,
royal string quartet - tgsm baires,
royalblood,
rp,
rrdh,
rre,
rs,
rt,
rt albany,
rt band nyc,
rt norwich,
rt santa cruz,
rt-disc,
rtband,
rtf,
rthompson & musicians of globe,
rtj,
rtr,
rtrower,
ru,
rubythehatchet,
rufus wainwright,
runshort_d,
rush,
rush - summer nights,
rush-july,
rush-march,
rush-rosemont,
rush_midamerdreams_plat_sc,
rush_streets-of-diversity_d,
rush_the-secret-touch_d,
rush_twin-meadows_cd,
rush_waltz-of-the-shreves_cd,
rushffm,
russian songs chorus,
russliquidtest,
russo,
rusted root,
rustedroot,
rw,
ry cooder & nick lowe,
ry nyc,
ryanadams,
ryley,
ryleywalker,
s,
s&a,
s&g,
sa,
sabertooth,
sabrina carpenter,
sacred reich_denver co,
saga,
sagareichenbach,
saint_vitus,
sally,
sallybarker&vickigenfan,
sam carter,
sam outlaw,
sam smith,
samanthacrain,
samanthafish,
sambaker,
sambush,
samfish,
samlamammasmannaprogday,
sample,
"sample, joe",
samples,
samsarabluesexperiment,
san fermin,
santana,
santana fw,
santana knoxville,
santana-shoreline oct,
sarawatkins,
saxon,
saxon - october,
sb,
sbb,
sbush,
sc,
sc-disc,
scatterwound,
scene,
schizophonics,
school,
"schroeter,breitfelder&willisohn",
sci,
sci-disc,
scorpions,
scott,
scrawl,
script,
sd,
sd-disc,
se,
seagulls,
seanchambers,
sebastianbach,
second nature cd,
secret chiefs,
secret_empire_d,
secretchiefs,
security project,
seeger+guthrie,
segment,
selecter,
selwynbirchwood,
semisonic,
sendelica,
senogul,
serenegreen,
serenity,
set,
set one track,
seth lakeman,
sethlakeman,
setzer,
seun kuti,
sevdaliza,
severedheads_coldwaves,
sf,
sfas,
sfjazz,
sfjazz collective,
sfjazzcollective,
sh,
shabaka hutchings,
shamanelephant,
shane,
shannonmcnally,
shaw,
shawn.holt,
shawncolvin,
shawnsmith,
shb,
shelagh mcdonald,
shelby lynne  kuumbwa,
shelbylynne,
shellac,
shellac - glasgow,
sherrijackson,
shimabukuro,
shins,
shinyribs,
shirley & dolly collins,
shirleyholmes-kassel,
shoeboxorchestra,
shooktwins,
shooter_jennings,
shovels & rope,
shovels and rope,
shovels&rope,
shovelsandrope,
sick puppies,
siegel-schwall band,
siegeseven,
siena root,
sierrahull,
sigurros,
sigurros_copenhagen,
sigurrã³s,
silent circle,
silos,
silverchair,
simo,
simon phillips protocol iv,
simple minds,
siouxsie_roxy,
sisters,
sivu,
sixx am,
size,
sj,
sjdk,
sjk+bk,
sk,
skatalites,
skb-disc,
skdlm,
skeletal family,
skf,
skids,
skids-holmfirth picturedrome,
skinny girl diet,
skinny lister,
skullflower,
sl,
slade,
slaid,
slaidcleaves,
slapp happy,
slash,
slash_download,
slash_manchester,
slayer,
slayer phoenix,
sleafordmods,
sleater kinney,
sleeper,
sleepysun,
slightlystoopid,
slo burn_las vegas nv,
slotface,
slow.runner,
slowdive,
slowdive commodore ballroom vancouver bc,
sly & family stone,
sm,
small faces,
smb,
smith,
"smith, patti",
smithereens,
smiths,
smj,
smokinjoekubek,
smoorerwalterskerik,
smsptf,
snapped ankles,
snarky,
snarky puppy,
soester gloria-singen,
soft machine legacy,
softmachine,
soh,
solange,
solstice,
"son of the velvet rat - hartberg, austria",
son of the velvet rat - vienna,
son seals,
songsofbarlow,
sonic dawn,
sonics,
sonicyouth,
sonlittle,
sonnylandreth,
sons of champlin,
sons.of.bill,
sophie morgan,
sophistafunk,
sopwith camel,
soraia,
sos,
sosf,
soul asylum,
soulasylum,
soulemonde,
soulfly,
soulive,
soulive-disc,
soulmonde,
sound,
soundcheck track,
soundgarden,
southern blood-celebrating gregg allman,
southernave,
southernbelles,
southside.johnny,
sp,
space,
space ritual,
spacehog,
"spaceman spiff - graz, austria",
spafford,
spampinatos,
sparrowquartet,
spidergawd,
spirit,
spirit berlin,
spirit tx,
spirit_of_baseball_d,
spiritualized,
splitliprayfield,
sponge,
spook school,
spoon,
spps,
spps-tutr,
spr,
springsteen,
spz,
sq,
squeeze,
sr,
sra,
srh,
srstl,
srv,
ss,
"ssj-ritz, nyc cd",
ssun,
ssundfã¸r,
st vincent,
st-too,
stacey earle,
stacia,
stanleyclarke,
stars,
stash,
statesboro,
stedeschi,
steel pulse,
steeleyespan,
steelwheels,
steely dan,
steely dan woodlands texas sept,
steelydan,
stephen,
steppenwolf,
stereolab,
stereolab-brighton pavillion,
stereophonics,
stereos,
steve,
steve earle,
steve gunn,
steve hackett,
steve hillage,
steve miller band,
steve winwood  fox theater  oakland,
steveearle,
stevepoltz,
stevewindwood,
stevewinwood,
stevie ray vaughan,
steviewonder,
stianwesterhusv,
stick figure,
stick_men,
stickley,
stiffwoodies,
stig,
sting,
sting_wembley stadium,
stlukes,
stockholm,
stockholm_d,
stp,
strandofoaks,
strawbs,
straybirds,
stringdusters,
sts,
stu larsen,
sturgillsimpson,
stvitus,
stwbruceprichard,
style council,
styx,
sublime,
submasq,
subsonic_eye,
substance,
suede,
suede - reading festival,
sugar,
sugarfoot,
sugarray,
sumofr,
sundays,
sundays & cybele,
sundays&cybele,
sunjones,
sunliner,
sunny war,
sunnydayinglasgow,
supersilent,
supersuckers,
susan tedeschi,
susanwerner,
susto,
suzannevega,
sv,
sv demos,
sve,
sw,
sw malaga,
swans,
swinwood,
switchfoot,
swonder,
syl,
systema solar,
t,
tab,
tab-disc,
tabache,
tabbenoit,
tadream,
tajmo,
tajmo albany,
takacs.ohlsson,
take me to the river  harris center  folsom ca,
takuya kuroda,
talking heads,
talkingdreads,
talkingheads,
talwilkenfeld,
tamikrest,
tampa,
tangekanic,
tangerine dream october,
tauk,
taz,
tb,
tba,
tbc,
tbp,
tbt,
tc,
tcv,
tea party,
teardrop explodes,
tearsofsilver,
teb,
teenage fanclub,
teganandsara,
teil,
teishi,
telesma,
television,
temperance,
temples,
ten years after,
terenceblanchard,
terje rypdal,
terje rypdal - copenhagen,
terjerypdal,
ternheim,
terry reid,
tesla,
testament,
texas,
texasgentlemen,
tgfs,
th,
thankgodforscience,
thanks,
thardy,
thastrom,
the amazons,
the animen,
the bad plus,
the band,
the blow fox cabaret vancouver bc,
the breeders,
the breeders - washington dc,
the breeders_london,
the church,
the commodores,
the courtneys biltmore cabaret vancouver bc,
the cranberries,
the cranberries - washington dc,
the cult,
the cure sant jordi,
the damned,
the devil makes three,
the districts,
the dove and the wolf fox cabaret vancouver bc,
the fall,
the flesh eaters rickshaw theatre vancouver bc,
the grays,
the green,
the hardy rocks,
the late ones,
the liberators,
the london souls,
the magpie salute,
the marcus king band,
the mission,
the monkeywrench,
the movement,
the national,
the nefilim,
the pack ad rickshaw theatre vancouver bc,
the pixies,
the police,
the record co,
the residents,
the rolling stones,
the shelters,
the sons of soul revivers,
the soul shakers lugano,
"the spectrum, montreal, quebec-d",
the the casino paris,
the tipitina's interns,
the treasure of love,
the twinkle brothers,
the wailers,
the war on drugs,
the waterboys,
the xx,
the-dream-syndicate,
the-hellacopters,
the.dream.syndicate,
the.good.lovelies,
the.schramms,
the.war.on.drugs,
the_bayou-electric_d,
the_iguanas,
the_ordinaires,
the_pixies,
the_who_seattle,
theanswer,
thebitter,
theblack,
thebrainsurgeons,
thebreeze,
thebrew,
thebuilding,
thecadillacthree,
thecasa,
thechurch,
theclash,
thecleaners,
thecommonheart,
thecosmicdead,
thecountryboys,
thedead,
thedirtbombs,
thedreamsyndicate,
theduo,
theend,
theessink - evans_set,
thefall,
thefixx,
theflyingeyes,
theghostwolves,
thegreatescape,
thegwcbcwin,
theharveysteelshow,
theherman,
thehiggs,
thekrickets,
thelas,
thelocksmiths,
themachine,
themagpie,
themagpiesalute,
themagpiesalute.musicbox.hwllywd.ca,
themasari,
themasonics,
themedicinalpurpose,
themis,
themosierbrothers,
themotet,
themuffinsprogday,
themysterylights,
theorganics,
thepersuasions,
thepietasters,
thepolice,
theramones,
therapy,
therecord,
therecordcompany,
therevivalists,
therevolution,
thesadies,
thesonics,
thesoulshine,
thesweet,
theteaparty,
thethe,
thetruth,
theundergroundrailroadprogday,
thevervepipe,
thewailers,
thewar,
thewarondrugs,
thewaterboys,
theweight,
thewell,
they might be giants,
theyoungers,
thin lizzy - live tokyo,
thin white rope,
thinkingplagueprogday,
thirty seconds to mars,
this is the kit,
thorogood,
"thoroughgood, george",
thresholdaburg,
thunders lloyd stones jam - a side tr,
tift merrit,
tift.merritt,
tiftmerritt,
tim o'brien,
timeaston,
timmontana,
timo'brien,
tinsley ellis,
tjkirk,
tk,
tm,
tmbg,
tmbtf,
tmde,
tmkb,
tmp,
tms,
tmttrl,
toadies,
tob,
tobias hoffmann trio,
toddla t,
toddsheaffer,
toefat,
tokyo,
tolvan big band,
tom chaplin,
tom grennan,
tom petty,
tom petty & mudcrutch,
tom petty & the heartbreakers,
tom petty and the heartbreakers,
tom petty fillmore jan,
tom.petty,
tom_petty,
tomcochrane,
tommy keene,
tommycastro,
tompaxton,
tompetty,
tones on tail - track,
tony visconti & woody woodmansey's holy holy barts,
toots & the maytals,
toots and the maytals,
tord gustavsen,
tori,
tori amos,
tori amos  theater at the ace hotel   la,
toronto,
toronto_d,
torres fox cabaret vancouver bc,
total immersion-leonard bernstein,
touchstone,
"toure,vieux farka",
townes,
townes van zandt,
townes_van_zandt,
townesvanzandt,
townmountain,
toxicholocaust,
tp,
tp&hb,
tp-bc,
tpetty,
tph,
tphb,
tqa,
tr,
traa,
traccia,
trace elements,
traffic,
traffrichva,
traffwint,
tragicallyhip,
trail of dead duisburg,
trans-aeolian transmission,
transatlanticsessions,
travelinmccourys,
travers,
trevorgordonhall,
trevorhall,
trewes,
trey,
trey anastasio,
treyanastasio,
treyanastasio.observatory,
tribal seeds,
tribute,
tricky,
triggerfinger,
triobeyond,
trivium,
trm,
trombone shorty,
trower,
trp,
trust,
ts,
tsb,
tsnider,
tsnke,
tsol,
tsp,
tsw,
tt,
ttb,
ttd,
tth,
ttp,
tuber,
tubes,
tubularbrass,
turbofruits,
turbonegro,
turin brakes,
turin breaks and martha ffion,
turn_the_pages_d,
turningpoint,
tuts,
tuxedomoon,
tvz,
tvz-villingen,
tvz_gcfolkscene,
tvzdutchradio,
tvzhouston,
tvzmarburg,
tvzportland,
tw,
twatts,
twdw,
twdy,
tweed,
tweedy,
twiddle,
twin criminal,
twink,
twinpeaks,
twisted sister,
twisted_sister,
twod,
twr,
twr camden falcon,
tyg,
tyler,
tylerchilders,
type o negative,
tyshawn sorey,
u2,
ub,
uc,
ufo,
ufo - october,
ufomammut,
uk subs,
uksubs,
ulan bator,
ulijonroth,
um,
umphreys mcgee,
unbenannt,
uncle tupelo kdhx - acoustic - cut interviews - ut,
uncured,
univers zero,
unthanks homecoming,
untitled track,
up-tight,
upf,
uriah heep,
uriahheep,
ut,
uun,
v_femmes,
va,
vaboys,
"vai, steve",
valentines,
van halen,
van halen - april,
van halen - september,
van morrison,
van morrison - kansas city january,
van morrison - milwaukee may,
van william,
"van zandt, townes",
vance joy,
vanden plas set,
vanmorrison,
vapors,
various - haldern pop,
various artists womex,
various pipers glenfiddich,
vb,
vbps,
vc,
vdead,
vega_boston,
veils,
vertix,
vh,
vh_sanfrancisco_ca,
vh_worcester_ma,
vhf,
vic godard,
vicchesnutt,
vijayiyersextet,
vijayiyertrio,
vincent gallo,
vines,
vintage trouble,
vintage trouble  oakland art & soul fest,
vintagecaravan,
violentfemmes,
virgin marys_manchester,
virginmarys,
visionsofatlantis,
viva,
vm,
vm - copenhagen april,
vm_bristol,
voc,
"volbeat - parken, copenhagen",
vom,
voodoo,
voodooaffect,
vp,
vr,
vs,
vsop iii,
vuurkã¶ln,
vuurmuenchen,
vv,
w on,
w shorter,
wa,
wailers,
wakefield,
wale,
"walker, junior",
walsh,
walter wolfman washington,
waltertrout,
war,
war on drugs,
warlocks,
warpaint,
warpaint live at vida,
warren,
warren zevon,
warreng,
washed out,
wasp,
waterboys,
waterboys birmingham,
waterboys palladium,
waterboys toronto,
waterboys_galway,
waxahatchee,
waxahatchee the imperial vancouver bc,
wayne kramer band,
wayne shorter,
wayne shorter quartet,
wayneshorter,
wayneshorterquartet,
wayupsouth,
waywardsons,
wb,
wc,
wdw,
we,
we insist,
weather report and beyond,
web,
weber-reisch,
wedding present,
wedge,
weekend warriors,
ween,
weezer,
weir,
"weller, paul",
weltraum,
wew,
wh,
wheelerwalkerjr,
where it's at,
whiskey,
whiskey gentry merry yalltide celebration compilation xxxx,
whiskeygentry,
white reaper,
whitebros,
whitesnake,
whitneyrose,
who,
whowoodstock,
why,
wight,
wilco,
wild reeds,
will,
willaim prince,
williamelliottwhitmore,
williamtyler,
willie nelson,
willienelson,
williewatsonandtheevilcitystringband,
willstewart,
wings,
winter the cobalt vancouver bc,
wintersleep,
wire,
wire train,
wishbone ash,
wishbone.ash,
wishbone_ash,
wishboneashaburg,
wishboneashprogday,
withered hand,
wittr,
wod,
wolf,
wolf alice,
wolfeyes,
wolfsbane,
womenandthedead,
wood,
woodbros,
woodbrothers,
woodpigeon,
woody,
woodypines,
wooten,
word,
wounded lion in the jungle long rehearsal(gd,
wp,
wr,
wray,
wretch,
ws,
wsp,
wsp-disc,
wss,
wucan,
ww+nias,
wxrt,
wz,
x,
x_joseph_arthur,
xanderharris,
xandriamuenchen,
xeb,
xmas,
xmasjam,
xr,
xrt,
xx,
y&t,
yaniss odua,
yardbirds,
yelow,
yes,
yes featuring anderson rabin wakeman,
yes-arw,
yesdarling,
yesfeatarw,
yesfeaturingarw,
ylt,
ymsb,
yngwie,
yngwie malmsteen,
yngwiemalmsteen,
yondermountainstringband,
yossisassi,
"young, neil",
yuri gagarin,
zakir hussain rahul sharma,
zakk sabbath,
zambigrass,
zambijam,
zbb,
zebra,
zen arcade outtakes - d,
zm,
zola jesus,
zoom,
zpz,
zt,
zulus,
zydefunk,
zz top,
zztop,
zztopma,
zzz akg ck,